Season,Divison,TeamID,OpponentTeamID,TeamScore,OpponentScore,GameResult,Win,WinPercentage,MedianScoreDifference,HighSeed,OpponentWinPercentage,OpponentMedianScoreDifference,OpponentHighSeed,WinPercentageDifference,HighSeedDifference,MedianScoreDifferenceDifference,538rating,538ratingOpponent,538rating_Difference,BaselinePred
2016,M,1195,1192,96,65,W,1,0.5517241379310345,2.0,16.0,0.5483870967741935,2.0,16.0,0.0033370411568409697,0.0,0.0,71.41,66.72,4.689999999999998,True
2016,M,1455,1435,70,50,W,1,0.7419354838709677,17.0,11.0,0.59375,10.0,11.0,0.14818548387096775,0.0,7.0,86.59,85.59,1.0,True
2016,M,1221,1380,59,55,W,1,0.42424242424242425,-4.0,16.0,0.6129032258064516,4.0,16.0,-0.18866080156402737,0.0,-8.0,66.85,67.96,-1.1099999999999994,False
2016,M,1276,1409,67,62,W,1,0.6363636363636364,5.0,11.0,0.6451612903225806,8.0,11.0,-0.008797653958944274,0.0,-3.0,79.57,79.93,-0.36000000000001364,False
2016,M,1114,1345,85,83,W,1,0.8709677419354839,8.0,12.0,0.7647058823529411,13.0,5.0,0.10626185958254275,7.0,-5.0,78.9,88.68,-9.780000000000001,False
2016,M,1139,1403,71,61,W,1,0.6774193548387096,6.0,9.0,0.6129032258064516,3.0,8.0,0.06451612903225801,1.0,3.0,84.17,81.27,2.9000000000000057,False
2016,M,1163,1160,74,67,W,1,0.7058823529411765,8.5,9.0,0.65625,4.5,8.0,0.049632352941176516,1.0,4.0,85.32,81.46,3.8599999999999994,False
2016,M,1181,1423,93,85,W,1,0.696969696969697,8.0,4.0,0.7666666666666667,5.5,13.0,-0.0696969696969697,-9.0,2.5,87.33,77.72,9.61,True
2016,M,1211,1371,68,52,W,1,0.78125,9.5,11.0,0.7575757575757576,8.0,6.0,0.02367424242424243,5.0,1.5,85.96,84.46,1.5,False
2016,M,1231,1151,99,74,W,1,0.78125,10.0,5.0,0.84375,7.5,12.0,-0.0625,-7.0,2.5,87.36,76.6,10.760000000000005,True
2016,M,1235,1233,94,81,W,1,0.65625,6.5,4.0,0.6875,8.5,13.0,-0.03125,-9.0,-2.0,86.5,78.22,8.280000000000001,True
2016,M,1242,1122,105,79,W,1,0.8787878787878788,10.0,1.0,0.48484848484848486,-1.0,16.0,0.3939393939393939,-15.0,11.0,94.46,68.83,25.629999999999995,True
2016,M,1246,1392,85,57,W,1,0.7647058823529411,13.5,4.0,0.8,12.5,13.0,-0.03529411764705892,-9.0,1.0,90.69,77.09,13.599999999999994,True
2016,M,1274,1138,79,72,W,1,0.78125,10.5,3.0,0.5757575757575758,4.0,14.0,0.2054924242424242,-11.0,6.5,87.05,75.66,11.39,True
2016,M,1314,1195,83,67,W,1,0.8235294117647058,11.5,1.0,0.5517241379310345,2.0,16.0,0.27180527383367137,-15.0,9.5,93.94,71.41,22.53,True
2016,M,1344,1425,70,69,W,1,0.696969696969697,4.0,9.0,0.6363636363636364,10.0,8.0,0.06060606060606066,1.0,-6.0,82.48,81.4,1.0799999999999983,False
2016,M,1428,1201,80,69,W,1,0.7575757575757576,6.0,3.0,0.71875,4.5,14.0,0.03882575757575757,-11.0,1.5,86.64,76.61,10.030000000000001,True
2016,M,1438,1214,81,45,W,1,0.7878787878787878,11.0,1.0,0.6666666666666666,3.0,16.0,0.12121212121212122,-15.0,8.0,92.46,68.61,23.849999999999994,True
2016,M,1455,1112,65,55,W,1,0.7419354838709677,17.0,11.0,0.7575757575757576,12.0,6.0,-0.01564027370478982,5.0,5.0,86.59,89.04,-2.450000000000003,False
2016,M,1463,1124,79,75,W,1,0.7777777777777778,13.0,12.0,0.65625,8.0,5.0,0.12152777777777779,7.0,5.0,80.2,85.47,-5.269999999999996,False
2016,M,1218,1143,77,66,W,1,0.8333333333333334,11.0,13.0,0.696969696969697,8.0,4.0,0.13636363636363635,9.0,3.0,78.02,85.62,-7.6000000000000085,False
2016,M,1234,1396,72,70,W,1,0.6774193548387096,11.0,7.0,0.65625,3.5,10.0,0.02116935483870963,-3.0,7.5,85.91,78.48,7.429999999999993,True
2016,M,1268,1355,79,74,W,1,0.75,6.5,5.0,0.7741935483870968,9.0,12.0,-0.024193548387096753,-7.0,-2.5,87.37,78.64,8.730000000000004,True
2016,M,1292,1277,90,81,W,1,0.7096774193548387,3.0,15.0,0.8529411764705882,15.5,2.0,-0.14326375711574946,13.0,-12.5,75.02,91.84,-16.820000000000007,False
2016,M,1320,1400,75,72,W,1,0.6363636363636364,3.0,11.0,0.625,3.0,6.0,0.011363636363636354,5.0,0.0,80.24,84.66,-4.420000000000002,False
2016,M,1323,1276,70,63,W,1,0.65625,5.0,6.0,0.6363636363636364,5.0,11.0,0.019886363636363646,-5.0,0.0,84.36,79.57,4.790000000000006,True
2016,M,1328,1167,82,68,W,1,0.78125,7.0,2.0,0.7241379310344828,11.0,15.0,0.05711206896551724,-13.0,-4.0,89.96,74.97,14.989999999999995,True
2016,M,1332,1221,91,52,W,1,0.8181818181818182,10.0,1.0,0.42424242424242425,-4.0,16.0,0.393939393939394,-15.0,14.0,88.0,66.85,21.150000000000006,True
2016,M,1372,1452,70,56,W,1,0.8214285714285714,20.5,14.0,0.7647058823529411,11.0,3.0,0.05672268907563027,11.0,9.5,80.98,89.3,-8.319999999999993,False
2016,M,1386,1153,78,76,W,1,0.7941176470588235,9.0,8.0,0.6875,5.5,9.0,0.10661764705882348,-1.0,3.5,81.61,83.7,-2.0900000000000034,True
2016,M,1393,1173,70,51,W,1,0.59375,5.0,10.0,0.78125,4.5,7.0,-0.1875,3.0,0.5,82.69,82.37,0.3199999999999932,False
2016,M,1401,1453,92,65,W,1,0.7647058823529411,10.0,3.0,0.6363636363636364,5.0,14.0,0.12834224598930477,-11.0,5.0,86.82,76.18,10.639999999999986,True
2016,M,1433,1333,75,67,W,1,0.7058823529411765,10.0,10.0,0.6,4.0,7.0,0.10588235294117654,3.0,6.0,83.05,77.63,5.420000000000002,False
2016,M,1437,1421,86,56,W,1,0.8529411764705882,14.0,2.0,0.6451612903225806,7.0,15.0,0.20777988614800758,-13.0,7.0,91.29,74.17,17.120000000000005,True
2016,M,1458,1338,47,43,W,1,0.625,5.5,7.0,0.6451612903225806,5.0,10.0,-0.020161290322580627,-3.0,0.5,84.75,82.29,2.4599999999999937,True
2016,M,1462,1451,71,53,W,1,0.84375,10.0,2.0,0.7419354838709677,5.0,15.0,0.10181451612903225,-13.0,5.0,87.73,73.28,14.450000000000003,True
2016,M,1181,1463,71,64,W,1,0.696969696969697,8.0,4.0,0.7777777777777778,13.0,12.0,-0.08080808080808077,-8.0,-5.0,87.33,80.2,7.1299999999999955,True
2016,M,1211,1428,82,59,W,1,0.78125,9.5,11.0,0.7575757575757576,6.0,3.0,0.02367424242424243,8.0,3.5,85.96,86.64,-0.6800000000000068,False
2016,M,1231,1246,73,67,W,1,0.78125,10.0,5.0,0.7647058823529411,13.5,4.0,0.016544117647058876,1.0,-3.5,87.36,90.69,-3.3299999999999983,False
2016,M,1235,1114,78,61,W,1,0.65625,6.5,4.0,0.8709677419354839,8.0,12.0,-0.21471774193548387,-8.0,-1.5,86.5,78.9,7.599999999999994,True
2016,M,1242,1163,73,61,W,1,0.8787878787878788,10.0,1.0,0.7058823529411765,8.5,9.0,0.17290552584670227,-8.0,1.5,94.46,85.32,9.14,True
2016,M,1274,1455,65,57,W,1,0.78125,10.5,3.0,0.7419354838709677,17.0,11.0,0.03931451612903225,-8.0,-6.5,87.05,86.59,0.45999999999999375,True
2016,M,1314,1344,85,66,W,1,0.8235294117647058,11.5,1.0,0.696969696969697,4.0,9.0,0.12655971479500883,-8.0,7.5,93.94,82.48,11.459999999999994,True
2016,M,1438,1139,77,69,W,1,0.7878787878787878,11.0,1.0,0.6774193548387096,6.0,9.0,0.11045943304007821,-8.0,5.0,92.46,84.17,8.289999999999992,True
2016,M,1268,1218,73,60,W,1,0.75,6.5,5.0,0.8333333333333334,11.0,13.0,-0.08333333333333337,-8.0,-4.5,87.37,78.02,9.350000000000009,True
2016,M,1323,1372,76,75,W,1,0.65625,5.0,6.0,0.8214285714285714,20.5,14.0,-0.1651785714285714,-8.0,-15.5,84.36,80.98,3.3799999999999955,True
2016,M,1328,1433,85,81,W,1,0.78125,7.0,2.0,0.7058823529411765,10.0,10.0,0.07536764705882348,-8.0,-3.0,89.96,83.05,6.909999999999997,True
2016,M,1332,1386,69,64,W,1,0.8181818181818182,10.0,1.0,0.7941176470588235,9.0,8.0,0.02406417112299475,-7.0,1.0,88.0,81.61,6.390000000000001,True
2016,M,1393,1292,75,50,W,1,0.59375,5.0,10.0,0.7096774193548387,3.0,15.0,-0.11592741935483875,-5.0,2.0,82.69,75.02,7.670000000000002,True
2016,M,1401,1320,92,88,W,1,0.7647058823529411,10.0,3.0,0.6363636363636364,3.0,11.0,0.12834224598930477,-8.0,7.0,86.82,80.24,6.579999999999998,True
2016,M,1437,1234,87,68,W,1,0.8529411764705882,14.0,2.0,0.6774193548387096,11.0,7.0,0.17552182163187857,-5.0,3.0,91.29,85.91,5.38000000000001,True
2016,M,1458,1462,66,63,W,1,0.625,5.5,7.0,0.84375,10.0,2.0,-0.21875,5.0,-4.5,84.75,87.73,-2.980000000000004,False
2016,M,1242,1268,79,63,W,1,0.8787878787878788,10.0,1.0,0.75,6.5,5.0,0.12878787878787878,-4.0,3.5,94.46,87.37,7.089999999999989,True
2016,M,1328,1401,77,63,W,1,0.78125,7.0,2.0,0.7647058823529411,10.0,3.0,0.016544117647058876,-1.0,-3.0,89.96,86.82,3.1400000000000006,True
2016,M,1332,1181,82,68,W,1,0.8181818181818182,10.0,1.0,0.696969696969697,8.0,4.0,0.12121212121212122,-3.0,2.0,88.0,87.33,0.6700000000000017,True
2016,M,1437,1274,92,69,W,1,0.8529411764705882,14.0,2.0,0.78125,10.5,3.0,0.0716911764705882,-1.0,3.5,91.29,87.05,4.240000000000009,True
2016,M,1314,1231,101,86,W,1,0.8235294117647058,11.5,1.0,0.78125,10.0,5.0,0.04227941176470584,-4.0,1.5,93.94,87.36,6.579999999999998,True
2016,M,1323,1458,61,56,W,1,0.65625,5.0,6.0,0.625,5.5,7.0,0.03125,-1.0,-0.5,84.36,84.75,-0.39000000000000057,True
2016,M,1393,1211,63,60,W,1,0.59375,5.0,10.0,0.78125,9.5,11.0,-0.1875,-1.0,-4.5,82.69,85.96,-3.269999999999996,True
2016,M,1438,1235,84,71,W,1,0.7878787878787878,11.0,1.0,0.65625,6.5,4.0,0.13162878787878785,-3.0,4.5,92.46,86.5,5.959999999999994,True
2016,M,1328,1332,80,68,W,1,0.78125,7.0,2.0,0.8181818181818182,10.0,1.0,-0.03693181818181823,1.0,-3.0,89.96,88.0,1.9599999999999937,False
2016,M,1437,1242,64,59,W,1,0.8529411764705882,14.0,2.0,0.8787878787878788,10.0,1.0,-0.025846702317290582,1.0,4.0,91.29,94.46,-3.1699999999999875,False
2016,M,1314,1323,88,74,W,1,0.8235294117647058,11.5,1.0,0.65625,5.0,6.0,0.16727941176470584,-5.0,6.5,93.94,84.36,9.579999999999998,True
2016,M,1393,1438,68,62,W,1,0.59375,5.0,10.0,0.7878787878787878,11.0,1.0,-0.19412878787878785,9.0,-6.0,82.69,92.46,-9.769999999999996,False
2016,M,1314,1393,83,66,W,1,0.8235294117647058,11.5,1.0,0.59375,5.0,10.0,0.22977941176470584,-9.0,6.5,93.94,82.69,11.25,True
2016,M,1437,1328,95,51,W,1,0.8529411764705882,14.0,2.0,0.78125,7.0,2.0,0.0716911764705882,0.0,7.0,91.29,89.96,1.3300000000000125,True
2016,M,1437,1314,77,74,W,1,0.8529411764705882,14.0,2.0,0.8235294117647058,11.5,1.0,0.02941176470588236,1.0,2.5,91.29,93.94,-2.6499999999999915,False
2017,M,1243,1448,95,88,W,1,0.6060606060606061,3.0,11.0,0.59375,5.0,11.0,0.012310606060606077,0.0,-2.0,83.08,82.96,0.12000000000000455,True
2017,M,1291,1309,67,66,W,1,0.5588235294117647,1.5,16.0,0.6071428571428571,5.0,16.0,-0.048319327731092376,0.0,-3.5,69.78,69.24,0.5400000000000063,False
2017,M,1413,1300,67,63,W,1,0.625,3.5,16.0,0.7333333333333333,8.0,16.0,-0.10833333333333328,0.0,-4.5,69.94,71.04,-1.1000000000000085,False
2017,M,1425,1344,75,71,W,1,0.7272727272727273,7.0,11.0,0.625,4.0,11.0,0.10227272727272729,0.0,3.0,81.18,81.75,-0.5699999999999932,True
2017,M,1112,1315,100,82,W,1,0.8823529411764706,11.0,2.0,0.6785714285714286,5.0,15.0,0.20378151260504196,-13.0,6.0,88.99,72.33,16.659999999999997,True
2017,M,1139,1457,76,64,W,1,0.7419354838709677,8.0,4.0,0.8,8.0,13.0,-0.058064516129032295,-9.0,0.0,86.52,75.53,10.989999999999995,True
2017,M,1196,1190,80,65,W,1,0.75,10.5,4.0,0.78125,9.5,13.0,-0.03125,-9.0,1.0,87.84,78.05,9.790000000000006,True
2017,M,1199,1195,86,80,W,1,0.7575757575757576,9.0,3.0,0.7666666666666667,5.5,14.0,-0.00909090909090915,-11.0,3.5,87.22,75.81,11.409999999999997,True
2017,M,1211,1355,66,46,W,1,0.9696969696969697,21.0,1.0,0.5,-0.5,16.0,0.4696969696969697,-15.0,21.5,93.71,72.79,20.919999999999987,True
2017,M,1235,1305,84,73,W,1,0.696969696969697,5.0,5.0,0.8235294117647058,9.5,12.0,-0.12655971479500883,-7.0,-4.5,87.92,80.73,7.189999999999998,True
2017,M,1292,1278,81,72,W,1,0.8787878787878788,11.0,12.0,0.7272727272727273,7.0,5.0,0.1515151515151515,7.0,4.0,81.28,81.23,0.04999999999999716,False
2017,M,1321,1435,68,66,W,1,0.6764705882352942,7.0,8.0,0.5588235294117647,2.0,9.0,0.11764705882352944,-1.0,5.0,82.6,83.79,-1.190000000000012,True
2017,M,1323,1343,60,58,W,1,0.7352941176470589,6.5,5.0,0.7857142857142857,8.5,12.0,-0.05042016806722682,-7.0,-2.0,86.68,80.0,6.680000000000007,True
2017,M,1345,1436,80,70,W,1,0.78125,11.0,4.0,0.8484848484848485,12.0,13.0,-0.06723484848484851,-9.0,-1.0,88.61,79.49,9.120000000000005,True
2017,M,1388,1433,85,77,W,1,0.875,14.5,7.0,0.7647058823529411,8.0,10.0,0.11029411764705888,-3.0,6.5,87.39,82.93,4.459999999999994,True
2017,M,1437,1291,76,56,W,1,0.9117647058823529,13.0,1.0,0.5588235294117647,1.5,16.0,0.3529411764705882,-15.0,11.5,95.18,69.78,25.400000000000006,True
2017,M,1438,1423,76,71,W,1,0.6875,11.5,5.0,0.84375,9.0,12.0,-0.15625,-7.0,2.5,90.02,80.19,9.829999999999998,True
2017,M,1452,1137,86,80,W,1,0.7647058823529411,11.5,4.0,0.7647058823529411,12.0,13.0,0.0,-9.0,-0.5,90.8,77.93,12.86999999999999,True
2017,M,1458,1439,84,74,W,1,0.7352941176470589,10.5,8.0,0.6875,4.0,9.0,0.047794117647058876,-1.0,6.5,87.84,80.02,7.820000000000007,True
2017,M,1462,1268,76,65,W,1,0.6176470588235294,3.5,11.0,0.7419354838709677,6.0,6.0,-0.12428842504743831,5.0,-2.5,82.34,82.48,-0.14000000000000057,False
2017,M,1116,1371,77,71,W,1,0.7352941176470589,8.5,8.0,0.65625,3.0,9.0,0.07904411764705888,-1.0,5.5,83.19,82.95,0.23999999999999488,True
2017,M,1124,1308,91,73,W,1,0.7741935483870968,9.0,3.0,0.8333333333333334,10.5,14.0,-0.05913978494623662,-11.0,-1.5,87.66,75.6,12.060000000000002,True
2017,M,1153,1243,75,61,W,1,0.8529411764705882,13.5,6.0,0.6060606060606061,3.0,11.0,0.24688057040998213,-5.0,10.5,87.35,83.08,4.269999999999996,True
2017,M,1181,1407,87,65,W,1,0.7714285714285715,9.0,2.0,0.5882352941176471,3.0,15.0,0.18319327731092439,-13.0,6.0,92.26,73.28,18.980000000000004,True
2017,M,1242,1413,100,62,W,1,0.875,8.5,1.0,0.625,3.5,16.0,0.25,-15.0,5.0,92.18,69.94,22.24000000000001,True
2017,M,1246,1297,79,70,W,1,0.8529411764705882,10.5,2.0,0.6875,5.5,15.0,0.1654411764705882,-13.0,5.0,92.28,72.83,19.450000000000003,True
2017,M,1257,1240,78,63,W,1,0.75,8.0,2.0,0.5625,2.0,15.0,0.1875,-13.0,6.0,90.8,71.17,19.629999999999995,True
2017,M,1276,1329,92,91,W,1,0.6857142857142857,6.0,7.0,0.6129032258064516,4.0,10.0,0.0728110599078341,-3.0,2.0,86.86,84.71,2.1500000000000057,True
2017,M,1277,1274,78,58,W,1,0.5757575757575758,4.0,9.0,0.65625,6.0,8.0,-0.0804924242424242,1.0,-2.0,82.79,84.56,-1.769999999999996,False
2017,M,1314,1411,103,64,W,1,0.7878787878787878,13.0,1.0,0.6764705882352942,5.0,16.0,0.11140819964349369,-15.0,8.0,91.74,70.99,20.75,True
2017,M,1332,1233,93,77,W,1,0.8484848484848485,12.0,3.0,0.6470588235294118,7.0,14.0,0.2014260249554367,-11.0,5.0,87.3,75.49,11.810000000000002,True
2017,M,1348,1166,84,72,W,1,0.7272727272727273,9.0,11.0,0.7272727272727273,11.0,6.0,0.0,5.0,-2.0,84.02,84.43,-0.4100000000000108,False
2017,M,1376,1266,93,73,W,1,0.6774193548387096,6.0,7.0,0.6129032258064516,8.0,10.0,0.06451612903225801,-3.0,-2.0,83.08,83.01,0.06999999999999318,True
2017,M,1417,1245,97,80,W,1,0.8787878787878788,14.0,3.0,0.6176470588235294,3.5,14.0,0.26114081996434935,-11.0,10.5,88.02,74.27,13.75,True
2017,M,1425,1374,66,65,W,1,0.7272727272727273,7.0,11.0,0.8823529411764706,15.0,6.0,-0.15508021390374327,5.0,-8.0,81.18,88.43,-7.25,False
2017,M,1455,1173,64,58,W,1,0.8787878787878788,19.0,10.0,0.7666666666666667,7.0,7.0,0.11212121212121207,3.0,12.0,88.86,82.84,6.019999999999996,False
2017,M,1112,1388,69,60,W,1,0.8823529411764706,11.0,2.0,0.875,14.5,7.0,0.007352941176470562,-5.0,-3.5,88.99,87.39,1.5999999999999943,True
2017,M,1139,1292,74,65,W,1,0.7419354838709677,8.0,4.0,0.8787878787878788,11.0,12.0,-0.13685239491691104,-8.0,-3.0,86.52,81.28,5.239999999999995,True
2017,M,1196,1438,65,39,W,1,0.75,10.5,4.0,0.6875,11.5,5.0,0.0625,-1.0,-1.0,87.84,90.02,-2.1799999999999926,True
2017,M,1211,1321,79,73,W,1,0.9696969696969697,21.0,1.0,0.6764705882352942,7.0,8.0,0.29322638146167557,-7.0,14.0,93.71,82.6,11.11,True
2017,M,1345,1235,80,76,W,1,0.78125,11.0,4.0,0.696969696969697,5.0,5.0,0.08428030303030298,-1.0,6.0,88.61,87.92,0.6899999999999977,True
2017,M,1452,1323,83,71,W,1,0.7647058823529411,11.5,4.0,0.7352941176470589,6.5,5.0,0.02941176470588225,-1.0,5.0,90.8,86.68,4.11999999999999,True
2017,M,1458,1437,65,62,W,1,0.7352941176470589,10.5,8.0,0.9117647058823529,13.0,1.0,-0.17647058823529405,7.0,-2.5,87.84,95.18,-7.340000000000003,False
2017,M,1462,1199,91,66,W,1,0.6176470588235294,3.5,11.0,0.7575757575757576,9.0,3.0,-0.13992869875222813,8.0,-5.5,82.34,87.22,-4.8799999999999955,False
2017,M,1124,1425,82,78,W,1,0.7741935483870968,9.0,3.0,0.7272727272727273,7.0,11.0,0.04692082111436946,-8.0,2.0,87.66,81.18,6.47999999999999,True
2017,M,1242,1277,90,70,W,1,0.875,8.5,1.0,0.5757575757575758,4.0,9.0,0.2992424242424242,-8.0,4.5,92.18,82.79,9.39,True
2017,M,1246,1455,65,62,W,1,0.8529411764705882,10.5,2.0,0.8787878787878788,19.0,10.0,-0.025846702317290582,-8.0,-8.5,92.28,88.86,3.4200000000000017,True
2017,M,1276,1257,73,69,W,1,0.6857142857142857,6.0,7.0,0.75,8.0,2.0,-0.06428571428571428,5.0,-2.0,86.86,90.8,-3.9399999999999977,False
2017,M,1314,1116,72,65,W,1,0.7878787878787878,13.0,1.0,0.7352941176470589,8.5,8.0,0.05258467023172897,-7.0,4.5,91.74,83.19,8.549999999999997,True
2017,M,1332,1348,75,72,W,1,0.8484848484848485,12.0,3.0,0.7272727272727273,9.0,11.0,0.12121212121212122,-8.0,3.0,87.3,84.02,3.280000000000001,True
2017,M,1376,1181,88,81,W,1,0.6774193548387096,6.0,7.0,0.7714285714285715,9.0,2.0,-0.09400921658986183,5.0,-3.0,83.08,92.26,-9.180000000000007,False
2017,M,1417,1153,79,67,W,1,0.8787878787878788,14.0,3.0,0.8529411764705882,13.5,6.0,0.025846702317290582,-3.0,0.5,88.02,87.35,0.6700000000000017,True
2017,M,1211,1452,61,58,W,1,0.9696969696969697,21.0,1.0,0.7647058823529411,11.5,4.0,0.2049910873440286,-3.0,9.5,93.71,90.8,2.9099999999999966,True
2017,M,1242,1345,98,66,W,1,0.875,8.5,1.0,0.78125,11.0,4.0,0.09375,-3.0,-2.5,92.18,88.61,3.5700000000000074,True
2017,M,1332,1276,69,68,W,1,0.8484848484848485,12.0,3.0,0.6857142857142857,6.0,7.0,0.1627705627705628,-4.0,6.0,87.3,86.86,0.4399999999999977,True
2017,M,1462,1112,73,71,W,1,0.6176470588235294,3.5,11.0,0.8823529411764706,11.0,2.0,-0.2647058823529411,9.0,-7.5,82.34,88.99,-6.6499999999999915,False
2017,M,1196,1458,84,83,W,1,0.75,10.5,4.0,0.7352941176470589,10.5,8.0,0.014705882352941124,-4.0,0.0,87.84,87.84,0.0,True
2017,M,1246,1417,86,75,W,1,0.8529411764705882,10.5,2.0,0.8787878787878788,14.0,3.0,-0.025846702317290582,-1.0,-3.5,92.28,88.02,4.260000000000005,True
2017,M,1314,1139,92,80,W,1,0.7878787878787878,13.0,1.0,0.7419354838709677,8.0,4.0,0.045943304007820096,-3.0,5.0,91.74,86.52,5.219999999999999,True
2017,M,1376,1124,70,50,W,1,0.6774193548387096,6.0,7.0,0.7741935483870968,9.0,3.0,-0.09677419354838712,4.0,-3.0,83.08,87.66,-4.579999999999998,False
2017,M,1211,1462,83,59,W,1,0.9696969696969697,21.0,1.0,0.6176470588235294,3.5,11.0,0.3520499108734403,-10.0,17.5,93.71,82.34,11.36999999999999,True
2017,M,1332,1242,74,60,W,1,0.8484848484848485,12.0,3.0,0.875,8.5,1.0,-0.02651515151515149,2.0,3.5,87.3,92.18,-4.88000000000001,False
2017,M,1314,1246,75,73,W,1,0.7878787878787878,13.0,1.0,0.8529411764705882,10.5,2.0,-0.06506238859180036,-1.0,2.5,91.74,92.28,-0.5400000000000063,True
2017,M,1376,1196,77,70,W,1,0.6774193548387096,6.0,7.0,0.75,10.5,4.0,-0.07258064516129037,3.0,-4.5,83.08,87.84,-4.760000000000005,False
2017,M,1211,1376,77,73,W,1,0.9696969696969697,21.0,1.0,0.6774193548387096,6.0,7.0,0.2922776148582601,-6.0,15.0,93.71,83.08,10.629999999999995,True
2017,M,1314,1332,77,76,W,1,0.7878787878787878,13.0,1.0,0.8484848484848485,12.0,3.0,-0.06060606060606066,-2.0,1.0,91.74,87.3,4.439999999999998,True
2017,M,1314,1211,71,65,W,1,0.7878787878787878,13.0,1.0,0.9696969696969697,21.0,1.0,-0.18181818181818188,0.0,-8.0,91.74,93.71,-1.9699999999999989,False
2018,M,1347,1254,71,61,W,1,0.625,3.0,16.0,0.5151515151515151,1.0,16.0,0.10984848484848486,0.0,2.0,70.89,67.64,3.25,True
2018,M,1382,1417,65,58,W,1,0.78125,6.0,11.0,0.65625,6.0,11.0,0.125,0.0,0.0,80.26,83.22,-2.9599999999999937,True
2018,M,1393,1113,60,56,W,1,0.6060606060606061,5.0,11.0,0.6451612903225806,8.0,11.0,-0.03910068426197455,0.0,-3.0,81.86,81.26,0.5999999999999943,False
2018,M,1411,1300,64,46,W,1,0.4411764705882353,-1.5,16.0,0.5161290322580645,1.0,16.0,-0.07495256166982922,0.0,-2.5,67.93,65.3,2.6300000000000097,False
2018,M,1104,1439,86,83,W,1,0.5588235294117647,1.0,9.0,0.65625,6.0,8.0,-0.09742647058823528,1.0,-5.0,82.2,83.43,-1.230000000000004,False
2018,M,1138,1112,89,68,W,1,0.7575757575757576,10.0,13.0,0.7941176470588235,9.0,4.0,-0.036541889483065915,9.0,1.0,79.07,87.86,-8.790000000000006,False
2018,M,1181,1233,89,67,W,1,0.7878787878787878,14.0,2.0,0.6060606060606061,4.0,15.0,0.18181818181818177,-13.0,10.0,92.59,74.79,17.799999999999997,True
2018,M,1196,1382,77,62,W,1,0.625,6.0,6.0,0.78125,6.0,11.0,-0.15625,-5.0,0.0,86.43,80.26,6.170000000000002,True
2018,M,1211,1422,68,64,W,1,0.8823529411764706,14.5,4.0,0.7741935483870968,11.0,13.0,0.10815939278937381,-9.0,3.5,89.54,78.03,11.510000000000005,True
2018,M,1222,1361,67,65,W,1,0.7878787878787878,11.0,6.0,0.6774193548387096,9.0,11.0,0.11045943304007821,-5.0,2.0,86.21,81.72,4.489999999999995,True
2018,M,1242,1335,76,60,W,1,0.7941176470588235,6.5,1.0,0.7419354838709677,6.0,16.0,0.052182163187855735,-15.0,0.5,90.88,75.55,15.329999999999998,True
2018,M,1246,1172,78,73,W,1,0.7058823529411765,7.0,5.0,0.65625,10.5,12.0,0.049632352941176516,-7.0,-3.5,88.17,81.9,6.269999999999996,True
2018,M,1260,1274,64,62,W,1,0.84375,10.0,11.0,0.7096774193548387,5.0,6.0,0.13407258064516125,5.0,5.0,81.28,83.94,-2.6599999999999966,False
2018,M,1276,1285,61,47,W,1,0.7941176470588235,9.5,3.0,0.7741935483870968,9.0,14.0,0.01992409867172673,-11.0,0.5,88.54,76.79,11.75,True
2018,M,1326,1355,81,73,W,1,0.75,10.5,5.0,0.8,9.0,12.0,-0.050000000000000044,-7.0,1.5,85.59,78.07,7.52000000000001,True
2018,M,1348,1328,83,78,W,1,0.78125,8.0,7.0,0.5806451612903226,2.0,10.0,0.20060483870967738,-3.0,6.0,83.07,82.1,0.9699999999999989,True
2018,M,1371,1301,94,83,W,1,0.65625,6.5,8.0,0.65625,6.0,9.0,0.0,-1.0,0.5,85.05,81.74,3.3100000000000023,True
2018,M,1397,1460,73,47,W,1,0.7575757575757576,7.0,3.0,0.71875,5.5,14.0,0.03882575757575757,-11.0,1.5,87.17,74.31,12.86,True
2018,M,1403,1372,70,60,W,1,0.7272727272727273,10.0,3.0,0.8,10.5,14.0,-0.07272727272727275,-11.0,-0.5,87.27,74.78,12.489999999999995,True
2018,M,1437,1347,87,61,W,1,0.8823529411764706,16.0,1.0,0.625,3.0,16.0,0.25735294117647056,-15.0,13.0,94.92,70.89,24.03,True
2018,M,1120,1158,62,58,W,1,0.78125,11.0,4.0,0.7741935483870968,7.0,13.0,0.007056451612903247,-9.0,4.0,84.04,76.44,7.6000000000000085,True
2018,M,1139,1116,79,62,W,1,0.6060606060606061,2.0,10.0,0.6764705882352942,4.5,7.0,-0.07040998217468808,3.0,-2.5,84.65,83.29,1.3599999999999994,False
2018,M,1153,1209,68,53,W,1,0.8823529411764706,17.0,2.0,0.6875,8.5,15.0,0.19485294117647056,-13.0,8.5,91.06,75.99,15.070000000000007,True
2018,M,1155,1308,79,68,W,1,0.71875,7.5,5.0,0.8333333333333334,11.5,12.0,-0.11458333333333337,-7.0,-4.0,84.15,79.79,4.359999999999999,True
2018,M,1199,1281,67,54,W,1,0.6451612903225806,9.0,9.0,0.6129032258064516,4.0,8.0,0.032258064516129004,1.0,5.0,83.61,78.49,5.1200000000000045,False
2018,M,1243,1166,69,59,W,1,0.6666666666666666,5.0,9.0,0.6451612903225806,7.0,8.0,0.021505376344086002,1.0,-2.0,81.48,83.4,-1.9200000000000017,False
2018,M,1267,1455,81,75,W,1,0.696969696969697,8.0,13.0,0.78125,9.5,4.0,-0.08428030303030298,9.0,-1.5,75.58,87.97,-12.39,False
2018,M,1277,1137,82,78,W,1,0.8787878787878788,15.0,3.0,0.7352941176470589,8.0,14.0,0.1434937611408199,-11.0,7.0,91.67,78.25,13.420000000000002,True
2018,M,1305,1400,87,83,W,1,0.7941176470588235,10.5,7.0,0.5757575757575758,1.0,10.0,0.21836007130124768,-3.0,9.5,81.82,82.9,-1.0800000000000125,True
2018,M,1314,1252,84,66,W,1,0.7142857142857143,8.0,2.0,0.6896551724137931,7.0,15.0,0.024630541871921152,-13.0,1.0,90.62,72.45,18.17,True
2018,M,1345,1168,74,48,W,1,0.8235294117647058,8.5,2.0,0.6206896551724138,3.0,15.0,0.20283975659229203,-13.0,5.5,91.08,71.88,19.200000000000003,True
2018,M,1393,1395,57,52,W,1,0.6060606060606061,5.0,11.0,0.65625,6.5,6.0,-0.05018939393939392,5.0,-1.5,81.86,84.84,-2.980000000000004,False
2018,M,1401,1344,73,69,W,1,0.625,4.0,7.0,0.6176470588235294,3.5,10.0,0.007352941176470562,-3.0,0.5,83.55,81.27,2.280000000000001,True
2018,M,1420,1438,74,54,W,1,0.6774193548387096,5.0,16.0,0.9393939393939394,12.0,1.0,-0.2619745845552298,15.0,-7.0,71.36,93.07,-21.709999999999994,False
2018,M,1452,1293,85,68,W,1,0.7058823529411765,7.5,5.0,0.8275862068965517,10.0,12.0,-0.1217038539553752,-7.0,-2.5,88.58,78.93,9.649999999999991,True
2018,M,1462,1411,102,83,W,1,0.8484848484848485,9.0,1.0,0.4411764705882353,-1.5,16.0,0.4073083778966132,-15.0,10.5,88.88,67.93,20.94999999999999,True
2018,M,1181,1348,87,62,W,1,0.7878787878787878,14.0,2.0,0.78125,8.0,7.0,0.006628787878787845,-5.0,6.0,92.59,83.07,9.52000000000001,True
2018,M,1211,1326,90,84,W,1,0.8823529411764706,14.5,4.0,0.75,10.5,5.0,0.13235294117647056,-1.0,4.0,89.54,85.59,3.950000000000003,True
2018,M,1242,1371,83,79,W,1,0.7941176470588235,6.5,1.0,0.65625,6.5,8.0,0.13786764705882348,-7.0,0.0,90.88,85.05,5.829999999999998,True
2018,M,1246,1138,95,75,W,1,0.7058823529411765,7.0,5.0,0.7575757575757576,10.0,13.0,-0.05169340463458105,-8.0,-3.0,88.17,79.07,9.100000000000009,True
2018,M,1260,1397,63,62,W,1,0.84375,10.0,11.0,0.7575757575757576,7.0,3.0,0.08617424242424243,8.0,3.0,81.28,87.17,-5.890000000000001,False
2018,M,1276,1222,64,63,W,1,0.7941176470588235,9.5,3.0,0.7878787878787878,11.0,6.0,0.0062388591800356386,-3.0,-1.5,88.54,86.21,2.3300000000000125,True
2018,M,1403,1196,69,66,W,1,0.7272727272727273,10.0,3.0,0.625,6.0,6.0,0.10227272727272729,-3.0,4.0,87.27,86.43,0.8399999999999892,True
2018,M,1437,1104,81,58,W,1,0.8823529411764706,16.0,1.0,0.5588235294117647,1.0,9.0,0.32352941176470584,-8.0,15.0,94.92,82.2,12.719999999999999,True
2018,M,1155,1120,84,53,W,1,0.71875,7.5,5.0,0.78125,11.0,4.0,-0.0625,1.0,-3.5,84.15,84.04,0.10999999999999943,False
2018,M,1199,1462,75,70,W,1,0.6451612903225806,9.0,9.0,0.8484848484848485,9.0,1.0,-0.20332355816226788,8.0,0.0,83.61,88.88,-5.269999999999996,False
2018,M,1243,1420,50,43,W,1,0.6666666666666666,5.0,9.0,0.6774193548387096,5.0,16.0,-0.010752688172043001,-7.0,0.0,81.48,71.36,10.120000000000005,True
2018,M,1305,1153,75,73,W,1,0.7941176470588235,10.5,7.0,0.8823529411764706,17.0,2.0,-0.08823529411764708,5.0,-6.5,81.82,91.06,-9.240000000000009,False
2018,M,1345,1139,76,73,W,1,0.8235294117647058,8.5,2.0,0.6060606060606061,2.0,10.0,0.21746880570409977,-8.0,6.5,91.08,84.65,6.429999999999993,True
2018,M,1393,1277,55,53,W,1,0.6060606060606061,5.0,11.0,0.8787878787878788,15.0,3.0,-0.2727272727272727,8.0,-10.0,81.86,91.67,-9.810000000000002,False
2018,M,1401,1314,86,65,W,1,0.625,4.0,7.0,0.7142857142857143,8.0,2.0,-0.0892857142857143,5.0,-4.0,83.55,90.62,-7.070000000000007,False
2018,M,1452,1267,94,71,W,1,0.7058823529411765,7.5,5.0,0.696969696969697,8.0,13.0,0.0089126559714795,-8.0,-0.5,88.58,75.58,13.0,True
2018,M,1199,1211,75,60,W,1,0.6451612903225806,9.0,9.0,0.8823529411764706,14.5,4.0,-0.23719165085388993,5.0,-5.5,83.61,89.54,-5.930000000000007,False
2018,M,1243,1246,61,58,W,1,0.6666666666666666,5.0,9.0,0.7058823529411765,7.0,5.0,-0.03921568627450989,4.0,-2.0,81.48,88.17,-6.689999999999998,False
2018,M,1260,1305,69,68,W,1,0.84375,10.0,11.0,0.7941176470588235,10.5,7.0,0.049632352941176516,4.0,-0.5,81.28,81.82,-0.539999999999992,False
2018,M,1276,1401,99,72,W,1,0.7941176470588235,9.5,3.0,0.625,4.0,7.0,0.16911764705882348,-4.0,5.5,88.54,83.55,4.990000000000009,True
2018,M,1181,1393,69,65,W,1,0.7878787878787878,14.0,2.0,0.6060606060606061,5.0,11.0,0.18181818181818177,-9.0,9.0,92.59,81.86,10.730000000000004,True
2018,M,1242,1155,80,76,W,1,0.7941176470588235,6.5,1.0,0.71875,7.5,5.0,0.07536764705882348,-4.0,-1.0,90.88,84.15,6.72999999999999,True
2018,M,1403,1345,78,65,W,1,0.7272727272727273,10.0,3.0,0.8235294117647058,8.5,2.0,-0.09625668449197855,1.0,1.5,87.27,91.08,-3.8100000000000023,False
2018,M,1437,1452,90,78,W,1,0.8823529411764706,16.0,1.0,0.7058823529411765,7.5,5.0,0.17647058823529405,-4.0,8.5,94.92,88.58,6.340000000000003,True
2018,M,1260,1243,78,62,W,1,0.84375,10.0,11.0,0.6666666666666666,5.0,9.0,0.17708333333333337,2.0,5.0,81.28,81.48,-0.20000000000000284,False
2018,M,1276,1199,58,54,W,1,0.7941176470588235,9.5,3.0,0.6451612903225806,9.0,9.0,0.14895635673624286,-6.0,0.5,88.54,83.61,4.930000000000007,True
2018,M,1242,1181,85,81,W,1,0.7941176470588235,6.5,1.0,0.7878787878787878,14.0,2.0,0.0062388591800356386,-1.0,-7.5,90.88,92.59,-1.710000000000008,True
2018,M,1437,1403,71,59,W,1,0.8823529411764706,16.0,1.0,0.7272727272727273,10.0,3.0,0.15508021390374327,-2.0,6.0,94.92,87.27,7.650000000000006,True
2018,M,1276,1260,69,57,W,1,0.7941176470588235,9.5,3.0,0.84375,10.0,11.0,-0.049632352941176516,-8.0,-0.5,88.54,81.28,7.260000000000005,True
2018,M,1437,1242,95,79,W,1,0.8823529411764706,16.0,1.0,0.7941176470588235,6.5,1.0,0.08823529411764708,0.0,9.5,94.92,90.88,4.040000000000006,True
2018,M,1437,1276,79,62,W,1,0.8823529411764706,16.0,1.0,0.7941176470588235,9.5,3.0,0.08823529411764708,-2.0,6.5,94.92,88.54,6.3799999999999955,True
2019,M,1125,1396,81,70,W,1,0.8333333333333334,12.5,11.0,0.71875,4.0,11.0,0.11458333333333337,0.0,8.5,81.74,79.39,2.3499999999999943,True
2019,M,1192,1341,82,76,W,1,0.5806451612903226,3.0,16.0,0.6363636363636364,5.0,16.0,-0.055718475073313734,0.0,-2.0,70.86,69.57,1.2900000000000063,False
2019,M,1113,1385,74,65,W,1,0.6875,6.0,11.0,0.6363636363636364,3.0,11.0,0.051136363636363646,0.0,3.0,81.94,78.84,3.0999999999999943,True
2019,M,1295,1300,78,74,W,1,0.5161290322580645,2.0,16.0,0.5,-1.0,16.0,0.016129032258064502,0.0,3.0,70.79,65.48,5.310000000000002,True
2019,M,1120,1308,78,77,W,1,0.7352941176470589,9.0,5.0,0.875,8.0,12.0,-0.13970588235294112,-7.0,1.0,89.02,80.91,8.11,True
2019,M,1124,1393,78,69,W,1,0.59375,4.0,9.0,0.6060606060606061,8.0,8.0,-0.012310606060606077,1.0,-4.0,80.76,83.92,-3.1599999999999966,False
2019,M,1196,1305,70,61,W,1,0.5588235294117647,4.0,10.0,0.8787878787878788,15.0,7.0,-0.31996434937611407,3.0,-11.0,83.95,86.11,-2.1599999999999966,False
2019,M,1199,1436,76,69,W,1,0.7941176470588235,9.0,4.0,0.8125,9.0,13.0,-0.018382352941176516,-9.0,0.0,88.44,79.29,9.149999999999991,True
2019,M,1211,1192,87,49,W,1,0.9090909090909091,23.0,1.0,0.5806451612903226,3.0,16.0,0.32844574780058644,-15.0,20.0,95.02,70.86,24.159999999999997,True
2019,M,1242,1318,87,53,W,1,0.7352941176470589,5.5,4.0,0.696969696969697,10.0,13.0,0.03832442067736186,-9.0,-4.5,86.3,78.58,7.719999999999999,True
2019,M,1246,1101,79,44,W,1,0.8181818181818182,11.0,2.0,0.7931034482758621,9.0,15.0,0.025078369905956133,-13.0,2.0,91.24,72.33,18.909999999999997,True
2019,M,1261,1463,79,74,W,1,0.8125,6.0,3.0,0.75,8.0,14.0,0.0625,-11.0,-2.0,86.37,77.11,9.260000000000005,True
2019,M,1268,1125,79,77,W,1,0.6875,8.0,6.0,0.8333333333333334,12.5,11.0,-0.14583333333333337,-5.0,-4.5,84.82,81.74,3.0799999999999983,True
2019,M,1276,1285,74,55,W,1,0.8235294117647058,13.0,2.0,0.75,6.5,15.0,0.07352941176470584,-13.0,6.5,91.04,76.17,14.870000000000005,True
2019,M,1277,1133,76,65,W,1,0.8235294117647058,12.0,2.0,0.5757575757575758,3.0,15.0,0.24777183600713004,-13.0,9.0,92.28,72.91,19.370000000000005,True
2019,M,1278,1257,86,76,W,1,0.6176470588235294,4.5,10.0,0.6060606060606061,5.0,7.0,0.01158645276292336,3.0,-0.5,80.84,85.9,-5.060000000000002,False
2019,M,1293,1266,83,64,W,1,0.8620689655172413,12.0,12.0,0.7272727272727273,7.0,5.0,0.13479623824451403,7.0,5.0,81.29,84.41,-3.1199999999999903,False
2019,M,1345,1330,61,48,W,1,0.71875,10.0,3.0,0.7647058823529411,4.5,14.0,-0.045955882352941124,-11.0,5.5,89.04,76.98,12.060000000000002,True
2019,M,1437,1388,61,57,W,1,0.7352941176470589,7.0,6.0,0.6666666666666666,12.0,11.0,0.06862745098039225,-5.0,-5.0,86.96,83.58,3.3799999999999955,True
2019,M,1459,1371,84,68,W,1,0.8666666666666667,11.5,7.0,0.6060606060606061,2.0,10.0,0.2606060606060606,-3.0,9.5,84.38,82.2,2.1799999999999926,True
2019,M,1138,1113,91,74,W,1,0.9090909090909091,12.0,6.0,0.6875,6.0,11.0,0.22159090909090906,-5.0,6.0,85.74,81.94,3.799999999999997,True
2019,M,1181,1295,85,62,W,1,0.8529411764705882,14.0,1.0,0.5161290322580645,2.0,16.0,0.3368121442125237,-15.0,12.0,96.3,70.79,25.50999999999999,True
2019,M,1222,1209,84,55,W,1,0.9117647058823529,11.0,3.0,0.71875,5.0,14.0,0.19301470588235292,-11.0,6.0,87.89,76.3,11.590000000000003,True
2019,M,1234,1153,79,72,W,1,0.6666666666666666,6.0,10.0,0.8235294117647058,6.5,7.0,-0.1568627450980392,3.0,-0.5,82.36,85.44,-3.0799999999999983,False
2019,M,1251,1280,80,76,W,1,0.8064516129032258,10.0,12.0,0.696969696969697,8.0,5.0,0.10948191593352874,7.0,2.0,78.02,85.11,-7.090000000000003,False
2019,M,1314,1233,88,73,W,1,0.8181818181818182,13.0,1.0,0.53125,2.5,16.0,0.28693181818181823,-15.0,10.5,93.24,71.88,21.36,True
2019,M,1326,1235,62,59,W,1,0.5757575757575758,4.0,11.0,0.6764705882352942,10.5,6.0,-0.10071301247771836,5.0,-6.5,82.59,86.12,-3.530000000000001,False
2019,M,1328,1279,95,72,W,1,0.59375,5.0,9.0,0.625,5.0,8.0,-0.03125,1.0,0.0,83.01,81.64,1.3700000000000045,False
2019,M,1332,1458,72,54,W,1,0.6571428571428571,10.0,12.0,0.696969696969697,6.0,5.0,-0.03982683982683988,7.0,4.0,82.64,86.54,-3.9000000000000057,False
2019,M,1397,1159,77,70,W,1,0.8484848484848485,12.0,2.0,0.696969696969697,6.0,15.0,0.1515151515151515,-13.0,6.0,91.34,74.95,16.39,True
2019,M,1403,1297,72,57,W,1,0.8125,15.0,3.0,0.75,6.5,14.0,0.0625,-11.0,8.5,89.65,77.27,12.38000000000001,True
2019,M,1414,1243,70,64,W,1,0.8529411764705882,9.0,13.0,0.7575757575757576,8.0,4.0,0.09536541889483063,9.0,1.0,78.36,86.65,-8.290000000000006,False
2019,M,1416,1433,73,58,W,1,0.7419354838709677,7.0,9.0,0.78125,8.0,8.0,-0.03931451612903225,1.0,-1.0,81.72,81.7,0.01999999999999602,False
2019,M,1438,1205,71,56,W,1,0.90625,18.0,1.0,0.6451612903225806,4.0,16.0,0.2610887096774194,-15.0,14.0,95.22,71.74,23.480000000000004,True
2019,M,1439,1387,66,52,W,1,0.75,11.5,4.0,0.6571428571428571,4.0,13.0,0.09285714285714286,-9.0,7.5,89.26,77.01,12.25,True
2019,M,1449,1429,78,61,W,1,0.7647058823529411,6.0,9.0,0.8181818181818182,16.0,8.0,-0.05347593582887711,1.0,-10.0,82.55,82.26,0.28999999999999204,False
2019,M,1120,1242,89,75,W,1,0.7352941176470589,9.0,5.0,0.7352941176470589,5.5,4.0,0.0,1.0,3.5,89.02,86.3,2.719999999999999,False
2019,M,1199,1293,90,62,W,1,0.7941176470588235,9.0,4.0,0.8620689655172413,12.0,12.0,-0.06795131845841784,-8.0,-3.0,88.44,81.29,7.1499999999999915,True
2019,M,1211,1124,83,71,W,1,0.9090909090909091,23.0,1.0,0.59375,4.0,9.0,0.31534090909090906,-8.0,19.0,95.02,80.76,14.259999999999991,True
2019,M,1246,1459,62,56,W,1,0.8181818181818182,11.0,2.0,0.8666666666666667,11.5,7.0,-0.048484848484848464,-5.0,-0.5,91.24,84.38,6.859999999999999,True
2019,M,1261,1268,69,67,W,1,0.8125,6.0,3.0,0.6875,8.0,6.0,0.125,-3.0,-2.0,86.37,84.82,1.5500000000000114,True
2019,M,1276,1196,64,49,W,1,0.8235294117647058,13.0,2.0,0.5588235294117647,4.0,10.0,0.2647058823529411,-8.0,9.0,91.04,83.95,7.090000000000003,True
2019,M,1277,1278,70,50,W,1,0.8235294117647058,12.0,2.0,0.6176470588235294,4.5,10.0,0.2058823529411764,-8.0,7.5,92.28,80.84,11.439999999999998,True
2019,M,1345,1437,87,61,W,1,0.71875,10.0,3.0,0.7352941176470589,7.0,6.0,-0.016544117647058876,-3.0,3.0,89.04,86.96,2.0800000000000125,True
2019,M,1181,1416,77,76,W,1,0.8529411764705882,14.0,1.0,0.7419354838709677,7.0,9.0,0.11100569259962045,-8.0,7.0,96.3,81.72,14.579999999999998,True
2019,M,1222,1326,74,59,W,1,0.9117647058823529,11.0,3.0,0.5757575757575758,4.0,11.0,0.3360071301247771,-8.0,7.0,87.89,82.59,5.299999999999997,True
2019,M,1314,1449,81,59,W,1,0.8181818181818182,13.0,1.0,0.7647058823529411,6.0,9.0,0.05347593582887711,-8.0,7.0,93.24,82.55,10.689999999999998,True
2019,M,1332,1414,73,54,W,1,0.6571428571428571,10.0,12.0,0.8529411764705882,9.0,13.0,-0.19579831932773106,-1.0,1.0,82.64,78.36,4.280000000000001,True
2019,M,1397,1234,83,77,W,1,0.8484848484848485,12.0,2.0,0.6666666666666666,6.0,10.0,0.18181818181818188,-8.0,6.0,91.34,82.36,8.980000000000004,True
2019,M,1403,1138,78,58,W,1,0.8125,15.0,3.0,0.9090909090909091,12.0,6.0,-0.09659090909090906,-3.0,3.0,89.65,85.74,3.910000000000011,True
2019,M,1438,1328,63,51,W,1,0.90625,18.0,1.0,0.59375,5.0,9.0,0.3125,-8.0,13.0,95.22,83.01,12.209999999999994,True
2019,M,1439,1251,67,58,W,1,0.75,11.5,4.0,0.8064516129032258,10.0,12.0,-0.056451612903225756,-8.0,1.5,89.26,78.02,11.240000000000009,True
2019,M,1211,1199,72,58,W,1,0.9090909090909091,23.0,1.0,0.7941176470588235,9.0,4.0,0.11497326203208558,-3.0,14.0,95.02,88.44,6.579999999999998,True
2019,M,1345,1397,99,94,W,1,0.71875,10.0,3.0,0.8484848484848485,12.0,2.0,-0.1297348484848485,1.0,-2.0,89.04,91.34,-2.299999999999997,False
2019,M,1403,1276,63,44,W,1,0.8125,15.0,3.0,0.8235294117647058,13.0,2.0,-0.011029411764705843,1.0,2.0,89.65,91.04,-1.3900000000000006,False
2019,M,1438,1332,53,49,W,1,0.90625,18.0,1.0,0.6571428571428571,10.0,12.0,0.24910714285714286,-11.0,8.0,95.22,82.64,12.579999999999998,True
2019,M,1120,1314,97,80,W,1,0.7352941176470589,9.0,5.0,0.8181818181818182,13.0,1.0,-0.08288770053475936,4.0,-4.0,89.02,93.24,-4.219999999999999,False
2019,M,1181,1439,75,73,W,1,0.8529411764705882,14.0,1.0,0.75,11.5,4.0,0.1029411764705882,-3.0,2.5,96.3,89.26,7.039999999999992,True
2019,M,1246,1222,62,58,W,1,0.8181818181818182,11.0,2.0,0.9117647058823529,11.0,3.0,-0.09358288770053469,-1.0,0.0,91.24,87.89,3.3499999999999943,True
2019,M,1277,1261,80,63,W,1,0.8235294117647058,12.0,2.0,0.8125,6.0,3.0,0.011029411764705843,-1.0,6.0,92.28,86.37,5.909999999999997,True
2019,M,1403,1211,75,69,W,1,0.8125,15.0,3.0,0.9090909090909091,23.0,1.0,-0.09659090909090906,2.0,-8.0,89.65,95.02,-5.36999999999999,False
2019,M,1438,1345,80,75,W,1,0.90625,18.0,1.0,0.71875,10.0,3.0,0.1875,-2.0,8.0,95.22,89.04,6.179999999999993,True
2019,M,1120,1246,77,71,W,1,0.7352941176470589,9.0,5.0,0.8181818181818182,11.0,2.0,-0.08288770053475936,3.0,-2.0,89.02,91.24,-2.219999999999999,False
2019,M,1277,1181,68,67,W,1,0.8235294117647058,12.0,2.0,0.8529411764705882,14.0,1.0,-0.02941176470588236,1.0,-2.0,92.28,96.3,-4.019999999999996,False
2019,M,1403,1277,61,51,W,1,0.8125,15.0,3.0,0.8235294117647058,12.0,2.0,-0.011029411764705843,1.0,3.0,89.65,92.28,-2.6299999999999955,False
2019,M,1438,1120,63,62,W,1,0.90625,18.0,1.0,0.7352941176470589,9.0,5.0,0.17095588235294112,-4.0,9.0,95.22,89.02,6.200000000000003,True
2019,M,1438,1403,85,77,W,1,0.90625,18.0,1.0,0.8125,15.0,3.0,0.09375,-2.0,3.0,95.22,89.65,5.569999999999993,True
2021,M,1179,1455,53,52,W,1,0.8518518518518519,10.0,11.0,0.7368421052631579,4.0,11.0,0.115009746588694,0.0,6.0,77.57,79.89,-2.3200000000000074,True
2021,M,1313,1111,54,53,W,1,0.6666666666666666,4.0,16.0,0.5416666666666666,3.0,16.0,0.125,0.0,1.0,68.29,70.28,-1.9899999999999949,True
2021,M,1411,1291,60,52,W,1,0.6521739130434783,2.0,16.0,0.5454545454545454,5.5,16.0,0.10671936758893286,0.0,-3.5,68.79,68.91,-0.11999999999999034,True
2021,M,1417,1277,86,80,W,1,0.6538461538461539,3.5,11.0,0.5555555555555556,4.0,11.0,0.09829059829059827,0.0,-0.5,81.89,82.87,-0.980000000000004,True
2021,M,1116,1159,85,68,W,1,0.7857142857142857,11.5,3.0,0.9333333333333333,11.0,14.0,-0.14761904761904765,-11.0,0.5,86.26,79.74,6.52000000000001,True
2021,M,1124,1216,79,55,W,1,0.9166666666666666,14.5,1.0,0.6521739130434783,5.0,16.0,0.26449275362318836,-15.0,9.5,93.63,70.93,22.69999999999999,True
2021,M,1196,1439,75,70,W,1,0.6086956521739131,5.0,7.0,0.7142857142857143,7.0,10.0,-0.10559006211180122,-3.0,-2.0,83.03,81.2,1.8299999999999983,True
2021,M,1222,1156,87,56,W,1,0.8846153846153846,17.0,2.0,0.7307692307692307,5.0,15.0,0.15384615384615385,-13.0,12.0,90.22,71.8,18.42,True
2021,M,1228,1180,78,49,W,1,0.7931034482758621,8.0,1.0,0.631578947368421,5.0,16.0,0.16152450090744108,-15.0,3.0,94.02,72.43,21.58999999999999,True
2021,M,1260,1210,71,60,W,1,0.8461538461538461,12.0,8.0,0.68,5.0,9.0,0.1661538461538461,-1.0,7.0,85.08,83.89,1.1899999999999977,True
2021,M,1317,1345,78,69,W,1,0.64,6.0,13.0,0.6666666666666666,5.0,4.0,-0.026666666666666616,9.0,1.0,78.37,86.46,-8.08999999999999,False
2021,M,1329,1251,69,60,W,1,0.7142857142857143,5.0,4.0,0.7916666666666666,11.5,13.0,-0.07738095238095233,-9.0,-6.5,84.88,76.98,7.8999999999999915,True
2021,M,1331,1326,75,72,W,1,0.5652173913043478,2.0,15.0,0.7,6.0,2.0,-0.13478260869565217,13.0,-4.0,73.26,89.39,-16.129999999999995,False
2021,M,1333,1397,70,56,W,1,0.5714285714285714,2.0,12.0,0.6923076923076923,10.0,5.0,-0.1208791208791209,7.0,-8.0,79.69,85.78,-6.090000000000003,False
2021,M,1353,1155,60,56,W,1,0.5769230769230769,4.0,10.0,0.6956521739130435,8.0,7.0,-0.11872909698996659,3.0,-4.0,84.12,82.36,1.7600000000000051,False
2021,M,1393,1361,78,62,W,1,0.64,5.0,11.0,0.8461538461538461,12.0,6.0,-0.20615384615384613,5.0,-7.0,83.03,85.59,-2.5600000000000023,False
2021,M,1403,1429,65,53,W,1,0.6296296296296297,5.0,6.0,0.7037037037037037,12.0,11.0,-0.07407407407407407,-5.0,-7.0,86.43,82.37,4.060000000000002,True
2021,M,1437,1457,73,63,W,1,0.7272727272727273,9.0,5.0,0.9583333333333334,11.5,12.0,-0.23106060606060608,-7.0,-2.5,84.74,78.41,6.329999999999998,True
2021,M,1452,1287,84,67,W,1,0.6666666666666666,5.0,3.0,0.75,7.5,14.0,-0.08333333333333337,-11.0,-2.5,86.61,73.72,12.89,True
2021,M,1458,1314,85,62,W,1,0.5862068965517241,6.0,9.0,0.6428571428571429,5.0,8.0,-0.05665024630541882,1.0,1.0,87.32,86.09,1.2299999999999898,False
2021,M,1101,1400,53,52,W,1,0.8260869565217391,15.0,14.0,0.7307692307692307,3.0,3.0,0.09531772575250841,11.0,12.0,77.04,86.74,-9.699999999999989,False
2021,M,1104,1233,68,55,W,1,0.8,9.0,2.0,0.7058823529411765,8.0,15.0,0.09411764705882353,-13.0,1.0,88.93,71.81,17.120000000000005,True
2021,M,1160,1207,96,73,W,1,0.7333333333333333,9.5,5.0,0.52,1.0,12.0,0.21333333333333326,-7.0,8.5,86.02,81.32,4.700000000000003,True
2021,M,1166,1364,63,62,W,1,0.7142857142857143,6.0,5.0,0.8333333333333334,11.5,12.0,-0.11904761904761907,-7.0,-5.5,87.0,78.4,8.599999999999994,True
2021,M,1199,1422,64,54,W,1,0.7272727272727273,9.5,4.0,0.7241379310344828,8.0,13.0,0.0031347962382445305,-9.0,1.5,86.75,77.74,9.010000000000005,True
2021,M,1211,1313,98,55,W,1,1.0,22.5,1.0,0.6666666666666666,4.0,16.0,0.33333333333333337,-15.0,18.5,96.51,68.29,28.22,True
2021,M,1234,1213,86,74,W,1,0.7241379310344828,13.0,2.0,0.7,10.0,15.0,0.024137931034482807,-13.0,3.0,90.82,74.71,16.11,True
2021,M,1242,1186,93,84,W,1,0.7037037037037037,5.0,3.0,0.6818181818181818,11.0,14.0,0.021885521885521952,-11.0,-6.0,87.39,76.07,11.320000000000007,True
2021,M,1261,1382,76,61,W,1,0.6666666666666666,6.0,8.0,0.8,10.0,9.0,-0.13333333333333341,-1.0,-4.0,85.16,82.86,2.299999999999997,True
2021,M,1268,1163,63,54,W,1,0.5357142857142857,2.0,10.0,0.6818181818181818,11.0,7.0,-0.14610389610389607,3.0,-9.0,84.35,85.25,-0.9000000000000057,False
2021,M,1276,1411,82,66,W,1,0.8333333333333334,13.5,1.0,0.6521739130434783,2.0,16.0,0.1811594202898551,-15.0,11.5,89.56,68.79,20.769999999999996,True
2021,M,1325,1438,62,58,W,1,0.6818181818181818,9.0,13.0,0.75,8.5,4.0,-0.06818181818181823,9.0,0.5,77.51,88.06,-10.549999999999997,False
2021,M,1328,1281,72,68,W,1,0.6,4.0,8.0,0.64,3.0,9.0,-0.040000000000000036,-1.0,1.0,83.41,81.84,1.5699999999999932,True
2021,M,1417,1140,73,62,W,1,0.6538461538461539,3.5,11.0,0.76,9.0,6.0,-0.10615384615384615,5.0,-5.5,81.89,84.52,-2.6299999999999955,False
2021,M,1425,1179,72,56,W,1,0.7586206896551724,9.0,6.0,0.8518518518518519,10.0,11.0,-0.09323116219667948,-5.0,-1.0,85.76,77.57,8.190000000000012,True
2021,M,1116,1403,68,66,W,1,0.7857142857142857,11.5,3.0,0.6296296296296297,5.0,6.0,0.15608465608465605,-3.0,6.5,86.26,86.43,-0.1700000000000017,True
2021,M,1124,1458,76,63,W,1,0.9166666666666666,14.5,1.0,0.5862068965517241,6.0,9.0,0.33045977011494254,-8.0,8.5,93.63,87.32,6.310000000000002,True
2021,M,1222,1353,63,60,W,1,0.8846153846153846,17.0,2.0,0.5769230769230769,4.0,10.0,0.3076923076923077,-8.0,13.0,90.22,84.12,6.099999999999994,True
2021,M,1260,1228,71,58,W,1,0.8461538461538461,12.0,8.0,0.7931034482758621,8.0,1.0,0.053050397877984046,7.0,4.0,85.08,94.02,-8.939999999999998,False
2021,M,1331,1196,81,78,W,1,0.5652173913043478,2.0,15.0,0.6086956521739131,5.0,7.0,-0.0434782608695653,8.0,-3.0,73.26,83.03,-9.769999999999996,False
2021,M,1333,1329,80,70,W,1,0.5714285714285714,2.0,12.0,0.7142857142857143,5.0,4.0,-0.1428571428571429,8.0,-3.0,79.69,84.88,-5.189999999999998,False
2021,M,1393,1452,75,72,W,1,0.64,5.0,11.0,0.6666666666666666,5.0,3.0,-0.026666666666666616,8.0,0.0,83.03,86.61,-3.5799999999999983,False
2021,M,1437,1317,84,61,W,1,0.7272727272727273,9.0,5.0,0.64,6.0,13.0,0.08727272727272728,-8.0,3.0,84.74,78.37,6.36999999999999,True
2021,M,1104,1268,96,77,W,1,0.8,9.0,2.0,0.5357142857142857,2.0,10.0,0.26428571428571435,-8.0,7.0,88.93,84.35,4.5800000000000125,True
2021,M,1166,1325,72,58,W,1,0.7142857142857143,6.0,5.0,0.6818181818181818,9.0,13.0,0.032467532467532534,-8.0,-3.0,87.0,77.51,9.489999999999995,True
2021,M,1199,1160,71,53,W,1,0.7272727272727273,9.5,4.0,0.7333333333333333,9.5,5.0,-0.006060606060605989,-1.0,0.0,86.75,86.02,0.730000000000004,True
2021,M,1211,1328,87,71,W,1,1.0,22.5,1.0,0.6,4.0,8.0,0.4,-7.0,18.5,96.51,83.41,13.100000000000009,True
2021,M,1276,1261,86,78,W,1,0.8333333333333334,13.5,1.0,0.6666666666666666,6.0,8.0,0.16666666666666674,-7.0,7.5,89.56,85.16,4.400000000000006,True
2021,M,1332,1234,95,80,W,1,0.7692307692307693,9.0,7.0,0.7241379310344828,13.0,2.0,0.04509283819628651,5.0,-4.0,84.59,90.82,-6.22999999999999,False
2021,M,1417,1101,67,47,W,1,0.6538461538461539,3.5,11.0,0.8260869565217391,15.0,14.0,-0.17224080267558528,-3.0,-11.5,81.89,77.04,4.849999999999994,True
2021,M,1425,1242,85,51,W,1,0.7586206896551724,9.0,6.0,0.7037037037037037,5.0,3.0,0.054916985951468655,3.0,4.0,85.76,87.39,-1.6299999999999955,False
2021,M,1116,1331,72,70,W,1,0.7857142857142857,11.5,3.0,0.5652173913043478,2.0,15.0,0.22049689440993792,-12.0,9.5,86.26,73.26,13.0,True
2021,M,1124,1437,62,51,W,1,0.9166666666666666,14.5,1.0,0.7272727272727273,9.0,5.0,0.18939393939393934,-4.0,5.5,93.63,84.74,8.89,True
2021,M,1222,1393,62,46,W,1,0.8846153846153846,17.0,2.0,0.64,5.0,11.0,0.24461538461538457,-9.0,12.0,90.22,83.03,7.189999999999998,True
2021,M,1333,1260,65,58,W,1,0.5714285714285714,2.0,12.0,0.8461538461538461,12.0,8.0,-0.27472527472527475,4.0,-10.0,79.69,85.08,-5.390000000000001,False
2021,M,1211,1166,83,65,W,1,1.0,22.5,1.0,0.7142857142857143,6.0,5.0,0.2857142857142857,-4.0,16.5,96.51,87.0,9.510000000000005,True
2021,M,1276,1199,76,58,W,1,0.8333333333333334,13.5,1.0,0.7272727272727273,9.5,4.0,0.10606060606060608,-3.0,4.0,89.56,86.75,2.8100000000000023,True
2021,M,1417,1104,88,78,W,1,0.6538461538461539,3.5,11.0,0.8,9.0,2.0,-0.1461538461538462,9.0,-5.5,81.89,88.93,-7.040000000000006,False
2021,M,1425,1332,82,68,W,1,0.7586206896551724,9.0,6.0,0.7692307692307693,9.0,7.0,-0.010610079575596898,-1.0,0.0,85.76,84.59,1.1700000000000017,True
2021,M,1124,1116,81,72,W,1,0.9166666666666666,14.5,1.0,0.7857142857142857,11.5,3.0,0.13095238095238093,-2.0,3.0,93.63,86.26,7.36999999999999,True
2021,M,1222,1333,67,61,W,1,0.8846153846153846,17.0,2.0,0.5714285714285714,2.0,12.0,0.3131868131868132,-10.0,15.0,90.22,79.69,10.530000000000001,True
2021,M,1211,1425,85,66,W,1,1.0,22.5,1.0,0.7586206896551724,9.0,6.0,0.24137931034482762,-5.0,13.5,96.51,85.76,10.75,True
2021,M,1417,1276,51,49,W,1,0.6538461538461539,3.5,11.0,0.8333333333333334,13.5,1.0,-0.17948717948717952,10.0,-10.0,81.89,89.56,-7.670000000000002,False
2021,M,1124,1222,78,59,W,1,0.9166666666666666,14.5,1.0,0.8846153846153846,17.0,2.0,0.03205128205128205,-1.0,-2.5,93.63,90.22,3.4099999999999966,True
2021,M,1211,1417,93,90,W,1,1.0,22.5,1.0,0.6538461538461539,3.5,11.0,0.34615384615384615,-10.0,19.0,96.51,81.89,14.620000000000005,True
2021,M,1124,1211,86,70,W,1,0.9166666666666666,14.5,1.0,1.0,22.5,1.0,-0.08333333333333337,0.0,-8.0,93.63,96.51,-2.8800000000000097,False
2022,M,1231,1461,66,58,W,1,0.6060606060606061,5.0,12.0,0.75,4.5,12.0,-0.14393939393939392,0.0,0.5,83.43,78.52,4.910000000000011,False
2022,M,1411,1394,76,67,W,1,0.6,2.5,16.0,0.6333333333333333,5.5,16.0,-0.033333333333333326,0.0,-3.0,71.14,67.3,3.8400000000000034,False
2022,M,1323,1353,89,87,W,1,0.6774193548387096,4.0,11.0,0.5806451612903226,2.0,11.0,0.09677419354838701,0.0,2.0,82.1,81.13,0.9699999999999989,True
2022,M,1460,1136,93,82,W,1,0.6060606060606061,4.0,16.0,0.7,7.0,16.0,-0.09393939393939388,0.0,-3.0,74.25,71.55,2.700000000000003,False
2022,M,1116,1436,75,71,W,1,0.7575757575757576,8.0,4.0,0.84375,13.0,13.0,-0.08617424242424243,-9.0,-5.0,86.77,80.32,6.450000000000003,True
2022,M,1124,1313,85,49,W,1,0.8125,10.0,1.0,0.7777777777777778,7.0,16.0,0.03472222222222221,-15.0,3.0,87.66,71.39,16.269999999999996,True
2022,M,1166,1361,72,69,W,1,0.6666666666666666,4.0,9.0,0.7419354838709677,7.0,8.0,-0.07526881720430112,1.0,-3.0,81.49,83.49,-2.0,False
2022,M,1211,1209,93,72,W,1,0.896551724137931,25.0,1.0,0.6,5.0,16.0,0.29655172413793107,-15.0,20.0,96.46,73.46,23.0,True
2022,M,1242,1411,83,56,W,1,0.8235294117647058,10.0,1.0,0.6,2.5,16.0,0.22352941176470587,-15.0,7.5,91.27,71.14,20.129999999999995,True
2022,M,1272,1129,64,53,W,1,0.6774193548387096,8.0,9.0,0.7878787878787878,6.0,8.0,-0.11045943304007821,1.0,2.0,84.91,82.49,2.4200000000000017,False
2022,M,1276,1161,75,63,W,1,0.5483870967741935,2.0,11.0,0.8275862068965517,8.0,6.0,-0.2791991101223582,5.0,-6.0,84.73,81.65,3.0799999999999983,False
2022,M,1293,1362,92,87,W,1,0.9310344827586207,12.0,7.0,0.71875,9.0,10.0,0.21228448275862066,-3.0,3.0,81.35,81.78,-0.4300000000000068,True
2022,M,1308,1163,70,63,W,1,0.7931034482758621,11.0,12.0,0.71875,7.5,5.0,0.0743534482758621,7.0,3.5,77.68,86.37,-8.689999999999998,False
2022,M,1314,1266,95,63,W,1,0.7272727272727273,10.0,8.0,0.6129032258064516,3.0,9.0,0.11436950146627567,-1.0,7.0,83.99,81.9,2.089999999999989,True
2022,M,1344,1355,66,57,W,1,0.8333333333333334,5.0,4.0,0.875,10.5,13.0,-0.04166666666666663,-9.0,-5.5,82.72,79.67,3.049999999999997,True
2022,M,1350,1234,67,63,W,1,0.6571428571428571,5.0,12.0,0.7428571428571429,11.0,5.0,-0.08571428571428574,7.0,-6.0,79.91,88.96,-9.049999999999997,False
2022,M,1388,1231,82,53,W,1,0.7741935483870968,9.0,5.0,0.6060606060606061,5.0,12.0,0.16813294232649068,-7.0,4.0,84.34,83.43,0.9099999999999966,True
2022,M,1389,1246,85,79,W,1,0.6206896551724138,6.0,15.0,0.7878787878787878,11.0,2.0,-0.16718913270637403,13.0,-5.0,74.17,91.22,-17.049999999999997,False
2022,M,1397,1255,88,56,W,1,0.7878787878787878,9.0,3.0,0.7857142857142857,6.5,14.0,0.0021645021645021467,-11.0,2.5,88.87,73.42,15.450000000000003,True
2022,M,1417,1103,57,53,W,1,0.78125,11.0,4.0,0.7096774193548387,6.0,13.0,0.07157258064516125,-9.0,5.0,89.83,76.69,13.14,True
2022,M,1112,1460,87,70,W,1,0.9117647058823529,17.0,1.0,0.6060606060606061,4.0,16.0,0.30570409982174684,-15.0,13.0,90.92,74.25,16.67,True
2022,M,1120,1240,80,61,W,1,0.84375,13.0,2.0,0.6551724137931034,6.0,15.0,0.18857758620689657,-13.0,7.0,89.48,73.15,16.33,True
2022,M,1181,1168,78,61,W,1,0.8235294117647058,11.5,2.0,0.6551724137931034,3.0,15.0,0.16835699797160242,-13.0,8.5,89.28,71.78,17.5,True
2022,M,1222,1412,82,68,W,1,0.8529411764705882,16.0,5.0,0.78125,12.5,12.0,0.0716911764705882,-7.0,3.5,88.72,81.17,7.549999999999997,True
2022,M,1228,1151,54,53,W,1,0.7096774193548387,7.0,4.0,0.78125,6.5,13.0,-0.07157258064516125,-9.0,0.5,86.76,78.7,8.060000000000002,True
2022,M,1235,1261,59,54,W,1,0.625,3.5,11.0,0.6666666666666666,6.0,6.0,-0.04166666666666663,5.0,-2.5,80.57,85.72,-5.150000000000006,False
2022,M,1274,1425,68,66,W,1,0.696969696969697,4.0,10.0,0.7878787878787878,5.0,7.0,-0.09090909090909083,3.0,-1.0,81.13,83.02,-1.8900000000000006,False
2022,M,1277,1172,74,73,W,1,0.6470588235294118,4.0,7.0,0.8125,9.5,10.0,-0.1654411764705882,-3.0,-5.5,83.46,81.83,1.6299999999999955,True
2022,M,1323,1104,78,64,W,1,0.6774193548387096,4.0,11.0,0.59375,2.5,6.0,0.08366935483870963,5.0,1.5,82.1,85.15,-3.0500000000000114,False
2022,M,1326,1260,54,41,W,1,0.6333333333333333,5.0,7.0,0.7741935483870968,9.0,10.0,-0.14086021505376345,-3.0,-4.0,84.15,83.7,0.45000000000000284,True
2022,M,1345,1463,78,56,W,1,0.7941176470588235,8.0,3.0,0.6206896551724138,3.0,14.0,0.17342799188640967,-11.0,5.0,89.1,74.74,14.36,True
2022,M,1395,1371,69,42,W,1,0.625,4.0,9.0,0.6666666666666666,3.5,8.0,-0.04166666666666663,1.0,0.5,81.93,82.61,-0.6799999999999926,False
2022,M,1400,1439,81,73,W,1,0.65625,6.0,6.0,0.6571428571428571,5.0,11.0,-0.0008928571428571397,-5.0,1.0,86.32,84.68,1.6399999999999864,True
2022,M,1403,1286,97,62,W,1,0.7352941176470589,11.0,3.0,0.78125,5.0,14.0,-0.045955882352941124,-11.0,6.0,88.7,74.3,14.400000000000006,True
2022,M,1437,1174,80,60,W,1,0.7878787878787878,8.0,2.0,0.6363636363636364,4.0,15.0,0.1515151515151515,-13.0,4.0,90.22,73.57,16.650000000000006,True
2022,M,1458,1159,67,60,W,1,0.7741935483870968,5.0,3.0,0.6666666666666666,10.0,14.0,0.10752688172043012,-11.0,-5.0,84.66,76.4,8.259999999999991,True
2022,M,1116,1308,53,48,W,1,0.7575757575757576,8.0,4.0,0.7931034482758621,11.0,12.0,-0.03552769070010453,-8.0,-3.0,86.77,77.68,9.08999999999999,True
2022,M,1211,1272,82,78,W,1,0.896551724137931,25.0,1.0,0.6774193548387096,8.0,9.0,0.21913236929922142,-8.0,17.0,96.46,84.91,11.549999999999997,True
2022,M,1242,1166,79,72,W,1,0.8235294117647058,10.0,1.0,0.6666666666666666,4.0,9.0,0.1568627450980392,-8.0,6.0,91.27,81.49,9.780000000000001,True
2022,M,1276,1397,76,68,W,1,0.5483870967741935,2.0,11.0,0.7878787878787878,9.0,3.0,-0.23949169110459434,8.0,-7.0,84.73,88.87,-4.140000000000001,False
2022,M,1314,1124,93,86,W,1,0.7272727272727273,10.0,8.0,0.8125,10.0,1.0,-0.08522727272727271,7.0,0.0,83.99,87.66,-3.6700000000000017,False
2022,M,1344,1350,79,51,W,1,0.8333333333333334,5.0,4.0,0.6571428571428571,5.0,12.0,0.17619047619047623,-8.0,0.0,82.72,79.91,2.8100000000000023,True
2022,M,1389,1293,70,60,W,1,0.6206896551724138,6.0,15.0,0.9310344827586207,12.0,7.0,-0.31034482758620685,8.0,-6.0,74.17,81.35,-7.179999999999993,False
2022,M,1417,1388,72,56,W,1,0.78125,11.0,4.0,0.7741935483870968,9.0,5.0,0.007056451612903247,-1.0,2.0,89.83,84.34,5.489999999999995,True
2022,M,1112,1395,85,80,W,1,0.9117647058823529,17.0,1.0,0.625,4.0,9.0,0.2867647058823529,-8.0,13.0,90.92,81.93,8.989999999999995,True
2022,M,1181,1277,85,76,W,1,0.8235294117647058,11.5,2.0,0.6470588235294118,4.0,7.0,0.17647058823529405,-5.0,7.5,89.28,83.46,5.820000000000007,True
2022,M,1222,1228,68,53,W,1,0.8529411764705882,16.0,5.0,0.7096774193548387,7.0,4.0,0.14326375711574946,1.0,9.0,88.72,86.76,1.9599999999999937,False
2022,M,1235,1458,54,49,W,1,0.625,3.5,11.0,0.7741935483870968,5.0,3.0,-0.14919354838709675,8.0,-1.5,80.57,84.66,-4.090000000000003,False
2022,M,1274,1120,79,61,W,1,0.696969696969697,4.0,10.0,0.84375,13.0,2.0,-0.14678030303030298,8.0,-9.0,81.13,89.48,-8.350000000000009,False
2022,M,1345,1400,81,71,W,1,0.7941176470588235,8.0,3.0,0.65625,6.0,6.0,0.13786764705882348,-3.0,2.0,89.1,86.32,2.780000000000001,True
2022,M,1403,1323,59,53,W,1,0.7352941176470589,11.0,3.0,0.6774193548387096,4.0,11.0,0.057874762808349245,-8.0,7.0,88.7,82.1,6.6000000000000085,True
2022,M,1437,1326,71,61,W,1,0.7878787878787878,8.0,2.0,0.6333333333333333,5.0,7.0,0.15454545454545454,-5.0,3.0,90.22,84.15,6.069999999999993,True
2022,M,1116,1211,74,68,W,1,0.7575757575757576,8.0,4.0,0.896551724137931,25.0,1.0,-0.13897596656217348,3.0,-17.0,86.77,96.46,-9.689999999999998,False
2022,M,1181,1403,78,73,W,1,0.8235294117647058,11.5,2.0,0.7352941176470589,11.0,3.0,0.08823529411764697,-1.0,0.5,89.28,88.7,0.5799999999999983,True
2022,M,1222,1112,72,60,W,1,0.8529411764705882,16.0,5.0,0.9117647058823529,17.0,1.0,-0.05882352941176472,4.0,-1.0,88.72,90.92,-2.200000000000003,False
2022,M,1437,1276,63,55,W,1,0.7878787878787878,8.0,2.0,0.5483870967741935,2.0,11.0,0.23949169110459434,-9.0,6.0,90.22,84.73,5.489999999999995,True
2022,M,1242,1344,66,61,W,1,0.8235294117647058,10.0,1.0,0.8333333333333334,5.0,4.0,-0.009803921568627527,-3.0,5.0,91.27,82.72,8.549999999999997,True
2022,M,1274,1235,70,56,W,1,0.696969696969697,4.0,10.0,0.625,3.5,11.0,0.07196969696969702,-1.0,0.5,81.13,80.57,0.5600000000000023,True
2022,M,1314,1417,73,66,W,1,0.7272727272727273,10.0,8.0,0.78125,11.0,4.0,-0.05397727272727271,4.0,-1.0,83.99,89.83,-5.840000000000003,False
2022,M,1389,1345,67,64,W,1,0.6206896551724138,6.0,15.0,0.7941176470588235,8.0,3.0,-0.17342799188640967,12.0,-2.0,74.17,89.1,-14.929999999999993,False
2022,M,1181,1116,78,69,W,1,0.8235294117647058,11.5,2.0,0.7575757575757576,8.0,4.0,0.06595365418894827,-2.0,3.5,89.28,86.77,2.510000000000005,True
2022,M,1437,1222,50,44,W,1,0.7878787878787878,8.0,2.0,0.8529411764705882,16.0,5.0,-0.06506238859180036,-3.0,-8.0,90.22,88.72,1.5,True
2022,M,1242,1274,76,50,W,1,0.8235294117647058,10.0,1.0,0.696969696969697,4.0,10.0,0.12655971479500883,-9.0,6.0,91.27,81.13,10.14,True
2022,M,1314,1389,69,49,W,1,0.7272727272727273,10.0,8.0,0.6206896551724138,6.0,15.0,0.10658307210031348,-7.0,4.0,83.99,74.17,9.819999999999993,True
2022,M,1242,1437,81,65,W,1,0.8235294117647058,10.0,1.0,0.7878787878787878,8.0,2.0,0.035650623885918,-1.0,2.0,91.27,90.22,1.0499999999999972,True
2022,M,1314,1181,81,77,W,1,0.7272727272727273,10.0,8.0,0.8235294117647058,11.5,2.0,-0.09625668449197855,6.0,-1.5,83.99,89.28,-5.290000000000006,False
2022,M,1242,1314,72,69,W,1,0.8235294117647058,10.0,1.0,0.7272727272727273,10.0,8.0,0.09625668449197855,-7.0,0.0,91.27,83.99,7.280000000000001,True
2023,M,1338,1280,60,59,W,1,0.6666666666666666,3.0,11.0,0.6363636363636364,6.0,11.0,0.030303030303030276,0.0,-3.0,80.22,81.85,-1.6299999999999955,True
2023,M,1394,1369,75,71,W,1,0.6551724137931034,8.0,16.0,0.5151515151515151,1.0,16.0,0.1400208986415883,0.0,7.0,70.59,67.71,2.8800000000000097,True
2023,M,1113,1305,98,73,W,1,0.6470588235294118,4.0,11.0,0.6774193548387096,6.0,11.0,-0.030360531309297834,0.0,-2.0,82.38,79.59,2.789999999999992,False
2023,M,1192,1411,84,61,W,1,0.53125,1.5,16.0,0.375,-4.0,16.0,0.15625,0.0,5.5,66.93,66.56,0.37000000000000455,True
2023,M,1104,1394,96,75,W,1,0.8529411764705882,11.0,1.0,0.6551724137931034,8.0,16.0,0.19776876267748478,-15.0,3.0,92.57,70.59,21.97999999999999,True
2023,M,1116,1228,73,63,W,1,0.6060606060606061,6.0,8.0,0.625,9.0,9.0,-0.018939393939393923,-1.0,-3.0,85.1,84.54,0.5599999999999881,True
2023,M,1120,1234,83,75,W,1,0.625,5.5,9.0,0.59375,4.5,8.0,0.03125,1.0,1.0,84.87,84.44,0.4300000000000068,False
2023,M,1181,1331,74,51,W,1,0.7647058823529411,7.0,5.0,0.8666666666666667,11.5,12.0,-0.10196078431372557,-7.0,-4.5,87.11,79.19,7.920000000000002,True
2023,M,1202,1438,68,67,W,1,0.7741935483870968,12.0,13.0,0.78125,7.0,4.0,-0.007056451612903247,9.0,5.0,78.23,83.81,-5.579999999999998,False
2023,M,1222,1297,63,52,W,1,0.9117647058823529,15.5,1.0,0.625,3.0,16.0,0.2867647058823529,-15.0,12.5,93.22,72.86,20.36,True
2023,M,1242,1224,96,68,W,1,0.7941176470588235,6.0,1.0,0.6129032258064516,1.0,16.0,0.18121442125237186,-15.0,5.0,89.62,69.31,20.310000000000002,True
2023,M,1268,1452,67,65,W,1,0.6363636363636364,11.0,8.0,0.5757575757575758,5.0,9.0,0.06060606060606055,-1.0,6.0,84.5,84.15,0.3499999999999943,True
2023,M,1281,1429,76,65,W,1,0.7272727272727273,5.0,7.0,0.7575757575757576,10.0,10.0,-0.030303030303030276,-3.0,-5.0,81.39,83.48,-2.0900000000000034,True
2023,M,1321,1129,75,67,W,1,0.65625,5.5,7.0,0.71875,8.0,10.0,-0.0625,-3.0,-2.5,82.24,82.59,-0.3500000000000085,True
2023,M,1336,1401,76,59,W,1,0.6285714285714286,4.0,10.0,0.7352941176470589,7.0,7.0,-0.10672268907563032,3.0,-3.0,82.78,85.13,-2.3499999999999943,False
2023,M,1343,1112,59,55,W,1,0.7037037037037037,7.0,15.0,0.8235294117647058,11.5,2.0,-0.11982570806100212,13.0,-4.5,75.41,89.0,-13.590000000000003,False
2023,M,1361,1158,63,57,W,1,0.8125,8.0,5.0,0.9090909090909091,13.0,12.0,-0.09659090909090906,-7.0,-5.0,86.04,79.77,6.27000000000001,True
2023,M,1397,1418,58,55,W,1,0.696969696969697,11.0,4.0,0.7666666666666667,7.5,13.0,-0.0696969696969697,-9.0,3.5,86.87,76.35,10.52000000000001,True
2023,M,1400,1159,81,61,W,1,0.7647058823529411,7.0,2.0,0.7575757575757576,9.0,15.0,0.007130124777183555,-13.0,-2.0,90.08,76.2,13.879999999999995,True
2023,M,1417,1421,86,53,W,1,0.8529411764705882,13.0,2.0,0.78125,5.5,15.0,0.0716911764705882,-13.0,7.5,88.26,73.02,15.240000000000009,True
2023,M,1124,1364,74,56,W,1,0.6875,5.5,3.0,0.78125,7.5,14.0,-0.09375,-11.0,-2.0,87.13,75.52,11.61,True
2023,M,1163,1233,87,63,W,1,0.7575757575757576,12.0,4.0,0.7941176470588235,12.0,13.0,-0.036541889483065915,-9.0,0.0,89.24,79.63,9.61,True
2023,M,1166,1301,72,63,W,1,0.6363636363636364,10.0,6.0,0.696969696969697,8.0,11.0,-0.06060606060606066,-5.0,2.0,87.56,81.44,6.1200000000000045,True
2023,M,1192,1345,63,58,W,1,0.53125,1.5,16.0,0.8529411764705882,11.0,1.0,-0.3216911764705882,15.0,-9.5,66.93,89.48,-22.549999999999997,False
2023,M,1194,1272,66,65,W,1,0.90625,12.5,9.0,0.7647058823529411,8.5,8.0,0.14154411764705888,1.0,4.0,82.57,84.93,-2.3600000000000136,False
2023,M,1211,1213,82,70,W,1,0.84375,10.0,3.0,0.65625,3.5,14.0,0.1875,-11.0,6.5,89.92,75.9,14.019999999999996,True
2023,M,1231,1245,71,60,W,1,0.6666666666666666,5.0,4.0,0.8125,9.5,13.0,-0.14583333333333337,-9.0,-4.5,85.81,79.37,6.439999999999998,True
2023,M,1243,1286,77,65,W,1,0.71875,7.0,3.0,0.71875,5.5,14.0,0.0,-11.0,1.5,84.45,75.32,9.13000000000001,True
2023,M,1246,1344,61,53,W,1,0.65625,7.5,6.0,0.65625,6.5,11.0,0.0,-5.0,1.0,86.01,82.77,3.240000000000009,True
2023,M,1266,1436,78,61,W,1,0.8235294117647058,9.5,2.0,0.6875,9.5,15.0,0.13602941176470584,-13.0,0.0,87.6,76.26,11.33999999999999,True
2023,M,1274,1179,63,56,W,1,0.78125,7.0,5.0,0.7878787878787878,8.0,12.0,-0.006628787878787845,-7.0,-1.0,83.6,81.18,2.4199999999999875,True
2023,M,1277,1425,72,62,W,1,0.6129032258064516,4.0,7.0,0.6875,6.5,10.0,-0.07459677419354838,-3.0,-2.5,83.82,83.04,0.7799999999999869,True
2023,M,1338,1235,59,41,W,1,0.6666666666666666,3.0,11.0,0.59375,3.5,6.0,0.07291666666666663,5.0,-0.5,80.22,84.52,-4.299999999999997,False
2023,M,1388,1433,63,51,W,1,0.78125,9.5,5.0,0.7941176470588235,11.0,12.0,-0.012867647058823484,-7.0,-1.5,85.91,81.65,4.259999999999991,True
2023,M,1395,1113,72,70,W,1,0.6363636363636364,4.0,6.0,0.6470588235294118,4.0,11.0,-0.010695187165775444,-5.0,0.0,85.41,82.38,3.030000000000001,True
2023,M,1462,1244,72,67,W,1,0.7352941176470589,5.0,3.0,0.7419354838709677,4.0,14.0,-0.006641366223908873,-11.0,1.0,84.36,73.28,11.079999999999998,True
2023,M,1104,1268,73,51,W,1,0.8529411764705882,11.0,1.0,0.6363636363636364,11.0,8.0,0.21657754010695185,-7.0,0.0,92.57,84.5,8.069999999999993,True
2023,M,1116,1242,72,71,W,1,0.6060606060606061,6.0,8.0,0.7941176470588235,6.0,1.0,-0.1880570409982174,7.0,0.0,85.1,89.62,-4.52000000000001,False
2023,M,1222,1120,81,64,W,1,0.9117647058823529,15.5,1.0,0.625,5.5,9.0,0.2867647058823529,-8.0,10.0,93.22,84.87,8.349999999999994,True
2023,M,1343,1281,78,63,W,1,0.7037037037037037,7.0,15.0,0.7272727272727273,5.0,7.0,-0.023569023569023573,8.0,2.0,75.41,81.39,-5.980000000000004,False
2023,M,1361,1202,75,52,W,1,0.8125,8.0,5.0,0.7741935483870968,12.0,13.0,0.03830645161290325,-8.0,-4.0,86.04,78.23,7.810000000000002,True
2023,M,1397,1181,65,52,W,1,0.696969696969697,11.0,4.0,0.7647058823529411,7.0,5.0,-0.06773618538324411,-1.0,4.0,86.87,87.11,-0.23999999999999488,True
2023,M,1400,1336,71,66,W,1,0.7647058823529411,7.0,2.0,0.6285714285714286,4.0,10.0,0.13613445378151257,-8.0,3.0,90.08,82.78,7.299999999999997,True
2023,M,1417,1321,68,63,W,1,0.8529411764705882,13.0,2.0,0.65625,5.5,7.0,0.1966911764705882,-5.0,7.5,88.26,82.24,6.02000000000001,True
2023,M,1163,1388,70,55,W,1,0.7575757575757576,12.0,4.0,0.78125,9.5,5.0,-0.02367424242424243,-1.0,2.5,89.24,85.91,3.3299999999999983,True
2023,M,1166,1124,85,76,W,1,0.6363636363636364,10.0,6.0,0.6875,5.5,3.0,-0.051136363636363646,3.0,4.5,87.56,87.13,0.4300000000000068,False
2023,M,1194,1192,78,70,W,1,0.90625,12.5,9.0,0.53125,1.5,16.0,0.375,-7.0,11.0,82.57,66.93,15.639999999999986,True
2023,M,1211,1395,84,81,W,1,0.84375,10.0,3.0,0.6363636363636364,4.0,6.0,0.20738636363636365,-3.0,6.0,89.92,85.41,4.510000000000005,True
2023,M,1243,1246,75,69,W,1,0.71875,7.0,3.0,0.65625,7.5,6.0,0.0625,-3.0,-0.5,84.45,86.01,-1.5600000000000023,True
2023,M,1274,1231,85,69,W,1,0.78125,7.0,5.0,0.6666666666666666,5.0,4.0,0.11458333333333337,1.0,2.0,83.6,85.81,-2.210000000000008,False
2023,M,1277,1266,69,60,W,1,0.6129032258064516,4.0,7.0,0.8235294117647058,9.5,2.0,-0.21062618595825422,5.0,-5.5,83.82,87.6,-3.780000000000001,False
2023,M,1462,1338,84,73,W,1,0.7352941176470589,5.0,3.0,0.6666666666666666,3.0,11.0,0.06862745098039225,-8.0,2.0,84.36,80.22,4.140000000000001,True
2023,M,1163,1116,88,65,W,1,0.7575757575757576,12.0,4.0,0.6060606060606061,6.0,8.0,0.1515151515151515,-4.0,6.0,89.24,85.1,4.140000000000001,True
2023,M,1194,1397,62,55,W,1,0.90625,12.5,9.0,0.696969696969697,11.0,4.0,0.20928030303030298,5.0,1.5,82.57,86.87,-4.300000000000011,False
2023,M,1211,1417,79,76,W,1,0.84375,10.0,3.0,0.8529411764705882,13.0,2.0,-0.009191176470588203,1.0,-3.0,89.92,88.26,1.6599999999999966,False
2023,M,1243,1277,98,93,W,1,0.71875,7.0,3.0,0.6129032258064516,4.0,7.0,0.10584677419354838,-4.0,3.0,84.45,83.82,0.6300000000000097,True
2023,M,1166,1343,86,75,W,1,0.6363636363636364,10.0,6.0,0.7037037037037037,7.0,15.0,-0.06734006734006737,-9.0,3.0,87.56,75.41,12.150000000000006,True
2023,M,1274,1222,89,75,W,1,0.78125,7.0,5.0,0.9117647058823529,15.5,1.0,-0.13051470588235292,4.0,-8.5,83.6,93.22,-9.620000000000005,False
2023,M,1361,1104,71,64,W,1,0.8125,8.0,5.0,0.8529411764705882,11.0,1.0,-0.0404411764705882,4.0,-3.0,86.04,92.57,-6.529999999999987,False
2023,M,1400,1462,83,71,W,1,0.7647058823529411,7.0,2.0,0.7352941176470589,5.0,3.0,0.02941176470588225,-1.0,2.0,90.08,84.36,5.719999999999999,True
2023,M,1163,1211,82,54,W,1,0.7575757575757576,12.0,4.0,0.84375,10.0,3.0,-0.08617424242424243,1.0,2.0,89.24,89.92,-0.6800000000000068,False
2023,M,1194,1243,79,76,W,1,0.90625,12.5,9.0,0.71875,7.0,3.0,0.1875,6.0,5.5,82.57,84.45,-1.8800000000000097,False
2023,M,1274,1400,88,81,W,1,0.78125,7.0,5.0,0.7647058823529411,7.0,2.0,0.016544117647058876,3.0,0.0,83.6,90.08,-6.480000000000004,False
2023,M,1361,1166,57,56,W,1,0.8125,8.0,5.0,0.6363636363636364,10.0,6.0,0.17613636363636365,-1.0,-2.0,86.04,87.56,-1.519999999999996,True
2023,M,1163,1274,72,59,W,1,0.7575757575757576,12.0,4.0,0.78125,7.0,5.0,-0.02367424242424243,-1.0,5.0,89.24,83.6,5.640000000000001,True
2023,M,1361,1194,72,71,W,1,0.8125,8.0,5.0,0.90625,12.5,9.0,-0.09375,-4.0,-4.5,86.04,82.57,3.470000000000013,True
2023,M,1163,1361,76,59,W,1,0.7575757575757576,12.0,4.0,0.8125,8.0,5.0,-0.05492424242424243,-1.0,4.0,89.24,86.04,3.1999999999999886,True
2016,W,3107,3196,61,59,W,1,0.8709677419354839,15.0,12.0,0.7333333333333333,7.5,5.0,0.1376344086021506,7.0,7.5,80.9,83.36,-2.4599999999999937,False
2016,W,3113,3308,74,52,W,1,0.8064516129032258,10.0,2.0,0.8571428571428571,10.0,15.0,-0.05069124423963134,-13.0,0.0,91.32,71.42,19.89999999999999,True
2016,W,3120,3385,68,57,W,1,0.6129032258064516,4.0,9.0,0.71875,8.5,8.0,-0.10584677419354838,1.0,-4.5,80.17,82.19,-2.019999999999996,False
2016,W,3124,3225,89,59,W,1,0.9705882352941176,21.5,1.0,0.7096774193548387,10.0,16.0,0.2609108159392789,-15.0,11.5,101.59,72.69,28.900000000000006,True
2016,W,3177,3241,97,67,W,1,0.7575757575757576,15.0,6.0,0.84375,16.0,11.0,-0.08617424242424243,-5.0,-1.0,90.08,83.04,7.039999999999992,True
2016,W,3243,3203,56,51,W,1,0.6,8.5,9.0,0.8125,8.5,8.0,-0.21250000000000002,1.0,0.0,80.28,82.9,-2.6200000000000045,False
2016,W,3257,3146,87,60,W,1,0.78125,12.5,3.0,0.8888888888888888,10.0,14.0,-0.10763888888888884,-11.0,2.5,92.24,66.93,25.309999999999988,True
2016,W,3277,3125,74,60,W,1,0.75,11.5,4.0,0.7333333333333333,13.0,13.0,0.01666666666666672,-9.0,-1.5,90.07,72.64,17.429999999999993,True
2016,W,3280,3151,60,50,W,1,0.7878787878787878,10.0,5.0,0.7741935483870968,11.0,12.0,0.013685239491691092,-7.0,-1.0,89.46,76.47,12.989999999999995,True
2016,W,3326,3138,88,69,W,1,0.7741935483870968,12.0,3.0,0.6060606060606061,6.0,14.0,0.16813294232649068,-11.0,6.0,93.9,71.12,22.78,True
2016,W,3333,3407,73,31,W,1,0.875,14.0,2.0,0.6,7.0,15.0,0.275,-13.0,7.0,95.42,68.25,27.17,True
2016,W,3376,3239,77,41,W,1,0.96875,15.0,1.0,0.6666666666666666,10.5,16.0,0.30208333333333337,-15.0,4.5,101.07,69.99,31.08,True
2016,W,3382,3329,65,54,W,1,0.7666666666666667,11.5,10.0,0.7,10.0,7.0,0.06666666666666676,3.0,1.5,77.32,83.28,-5.960000000000008,False
2016,W,3393,3119,73,56,W,1,0.78125,15.5,4.0,0.9333333333333333,21.5,13.0,-0.15208333333333335,-9.0,-6.0,89.59,79.02,10.570000000000007,True
2016,W,3397,3453,59,53,W,1,0.59375,4.5,7.0,0.875,15.5,10.0,-0.28125,-3.0,-11.0,88.93,83.06,5.8700000000000045,True
2016,W,3452,3343,74,65,W,1,0.7272727272727273,11.0,6.0,0.8214285714285714,19.0,11.0,-0.0941558441558441,-5.0,-8.0,87.0,84.15,2.8499999999999943,True
2016,W,3163,3352,101,49,W,1,1.0,43.0,1.0,0.6129032258064516,5.0,16.0,0.3870967741935484,-15.0,38.0,113.09,64.62,48.47,True
2016,W,3182,3371,97,76,W,1,0.8387096774193549,14.0,9.0,0.7419354838709677,7.0,8.0,0.09677419354838712,1.0,7.0,80.74,81.76,-1.0200000000000102,False
2016,W,3199,3292,72,55,W,1,0.7666666666666667,17.5,5.0,0.75,9.5,12.0,0.01666666666666672,-7.0,8.0,91.5,78.25,13.25,True
2016,W,3231,3208,62,58,W,1,0.6451612903225806,7.0,9.0,0.7,11.0,8.0,-0.05483870967741933,1.0,-4.0,82.85,84.53,-1.6800000000000068,False
2016,W,3246,3421,85,31,W,1,0.7666666666666667,12.5,3.0,0.8,8.0,14.0,-0.033333333333333326,-11.0,4.5,90.97,66.13,24.840000000000003,True
2016,W,3268,3233,74,58,W,1,0.9090909090909091,20.0,2.0,0.6764705882352942,11.0,15.0,0.2326203208556149,-13.0,9.0,99.01,71.24,27.77000000000001,True
2016,W,3281,3140,78,69,W,1,0.7,13.0,10.0,0.8064516129032258,9.0,7.0,-0.1064516129032258,3.0,4.0,82.9,80.17,2.730000000000004,False
2016,W,3323,3299,95,61,W,1,0.96875,13.0,1.0,0.6071428571428571,8.5,16.0,0.3616071428571429,-15.0,4.5,101.07,64.33,36.739999999999995,True
2016,W,3328,3345,61,45,W,1,0.6774193548387096,10.0,6.0,0.6451612903225806,6.0,11.0,0.032258064516129004,-5.0,4.0,87.47,83.02,4.450000000000003,True
2016,W,3355,3274,74,71,W,1,0.8125,9.0,12.0,0.75,11.5,5.0,0.0625,7.0,-2.5,80.11,86.51,-6.400000000000006,False
2016,W,3378,3161,48,45,W,1,0.71875,14.5,6.0,0.9666666666666667,17.0,11.0,-0.24791666666666667,-5.0,-2.5,88.52,80.15,8.36999999999999,True
2016,W,3390,3362,85,58,W,1,0.7741935483870968,16.0,4.0,0.6333333333333333,3.0,13.0,0.14086021505376345,-9.0,13.0,92.4,74.26,18.14,True
2016,W,3400,3106,86,42,W,1,0.875,15.5,2.0,0.6206896551724138,4.0,15.0,0.2543103448275862,-13.0,11.5,93.58,59.87,33.71,True
2016,W,3401,3283,74,65,W,1,0.7,6.0,4.0,0.71875,8.0,13.0,-0.018750000000000044,-9.0,-2.0,88.71,75.75,12.959999999999994,True
2016,W,3417,3218,66,50,W,1,0.75,11.0,3.0,0.6774193548387096,9.0,14.0,0.07258064516129037,-11.0,2.0,89.93,74.1,15.830000000000013,True
2016,W,3449,3335,65,53,W,1,0.6875,8.5,7.0,0.8518518518518519,14.0,10.0,-0.16435185185185186,-3.0,-5.5,86.47,78.59,7.8799999999999955,True
2016,W,3124,3120,84,52,W,1,0.9705882352941176,21.5,1.0,0.6129032258064516,4.0,9.0,0.357685009487666,-8.0,17.5,101.59,80.17,21.42,True
2016,W,3177,3257,73,72,W,1,0.7575757575757576,15.0,6.0,0.78125,12.5,3.0,-0.02367424242424243,3.0,2.5,90.08,92.24,-2.1599999999999966,False
2016,W,3280,3277,74,72,W,1,0.7878787878787878,10.0,5.0,0.75,11.5,4.0,0.037878787878787845,1.0,-1.5,89.46,90.07,-0.6099999999999994,False
2016,W,3326,3452,88,81,W,1,0.7741935483870968,12.0,3.0,0.7272727272727273,11.0,6.0,0.04692082111436946,-3.0,1.0,93.9,87.0,6.900000000000006,True
2016,W,3333,3382,69,40,W,1,0.875,14.0,2.0,0.7666666666666667,11.5,10.0,0.10833333333333328,-8.0,2.5,95.42,77.32,18.10000000000001,True
2016,W,3376,3243,73,47,W,1,0.96875,15.0,1.0,0.6,8.5,9.0,0.36875,-8.0,6.5,101.07,80.28,20.789999999999992,True
2016,W,3393,3107,76,59,W,1,0.78125,15.5,4.0,0.8709677419354839,15.0,12.0,-0.08971774193548387,-8.0,0.5,89.59,80.9,8.689999999999998,True
2016,W,3397,3113,75,64,W,1,0.59375,4.5,7.0,0.8064516129032258,10.0,2.0,-0.21270161290322576,5.0,-5.5,88.93,91.32,-2.3899999999999864,False
2016,W,3163,3182,97,51,W,1,1.0,43.0,1.0,0.8387096774193549,14.0,9.0,0.16129032258064513,-8.0,29.0,113.09,80.74,32.35000000000001,True
2016,W,3199,3401,74,56,W,1,0.7666666666666667,17.5,5.0,0.7,6.0,4.0,0.06666666666666676,1.0,11.5,91.5,88.71,2.7900000000000063,False
2016,W,3246,3328,79,58,W,1,0.7666666666666667,12.5,3.0,0.6774193548387096,10.0,6.0,0.08924731182795709,-3.0,2.5,90.97,87.47,3.5,True
2016,W,3323,3231,87,70,W,1,0.96875,13.0,1.0,0.6451612903225806,7.0,9.0,0.3235887096774194,-8.0,6.0,101.07,82.85,18.22,True
2016,W,3390,3355,66,65,W,1,0.7741935483870968,16.0,4.0,0.8125,9.0,12.0,-0.03830645161290325,-8.0,7.0,92.4,80.11,12.290000000000006,True
2016,W,3400,3281,73,55,W,1,0.875,15.5,2.0,0.7,13.0,10.0,0.17500000000000004,-8.0,2.5,93.58,82.9,10.679999999999993,True
2016,W,3417,3378,72,67,W,1,0.75,11.0,3.0,0.71875,14.5,6.0,0.03125,-3.0,-3.5,89.93,88.52,1.4100000000000108,True
2016,W,3449,3268,74,65,W,1,0.6875,8.5,7.0,0.9090909090909091,20.0,2.0,-0.22159090909090906,5.0,-11.5,86.47,99.01,-12.540000000000006,False
2016,W,3390,3323,90,84,W,1,0.7741935483870968,16.0,4.0,0.96875,13.0,1.0,-0.19455645161290325,3.0,3.0,92.4,101.07,-8.669999999999987,False
2016,W,3393,3376,80,72,W,1,0.78125,15.5,4.0,0.96875,15.0,1.0,-0.1875,3.0,0.5,89.59,101.07,-11.47999999999999,False
2016,W,3397,3326,78,62,W,1,0.59375,4.5,7.0,0.7741935483870968,12.0,3.0,-0.18044354838709675,4.0,-7.5,88.93,93.9,-4.969999999999999,False
2016,W,3449,3246,85,72,W,1,0.6875,8.5,7.0,0.7666666666666667,12.5,3.0,-0.07916666666666672,4.0,-4.0,86.47,90.97,-4.5,False
2016,W,3124,3199,78,58,W,1,0.9705882352941176,21.5,1.0,0.7666666666666667,17.5,5.0,0.20392156862745092,-4.0,4.0,101.59,91.5,10.090000000000003,True
2016,W,3163,3280,98,38,W,1,1.0,43.0,1.0,0.7878787878787878,10.0,5.0,0.21212121212121215,-4.0,33.0,113.09,89.46,23.63000000000001,True
2016,W,3333,3177,83,71,W,1,0.875,14.0,2.0,0.7575757575757576,15.0,6.0,0.11742424242424243,-4.0,-1.0,95.42,90.08,5.340000000000003,True
2016,W,3400,3417,72,64,W,1,0.875,15.5,2.0,0.75,11.0,3.0,0.125,-1.0,4.5,93.58,89.93,3.6499999999999915,True
2016,W,3393,3397,89,67,W,1,0.78125,15.5,4.0,0.59375,4.5,7.0,0.1875,-3.0,11.0,89.59,88.93,0.6599999999999966,True
2016,W,3449,3390,85,76,W,1,0.6875,8.5,7.0,0.7741935483870968,16.0,4.0,-0.08669354838709675,3.0,-7.5,86.47,92.4,-5.930000000000007,False
2016,W,3163,3400,86,65,W,1,1.0,43.0,1.0,0.875,15.5,2.0,0.125,-1.0,27.5,113.09,93.58,19.510000000000005,True
2016,W,3333,3124,60,57,W,1,0.875,14.0,2.0,0.9705882352941176,21.5,1.0,-0.09558823529411764,1.0,-7.5,95.42,101.59,-6.170000000000002,False
2016,W,3163,3333,80,51,W,1,1.0,43.0,1.0,0.875,14.0,2.0,0.125,-1.0,29.0,113.09,95.42,17.67,True
2016,W,3393,3449,80,59,W,1,0.78125,15.5,4.0,0.6875,8.5,7.0,0.09375,-3.0,7.0,89.59,86.47,3.1200000000000045,True
2016,W,3163,3393,82,51,W,1,1.0,43.0,1.0,0.78125,15.5,4.0,0.21875,-3.0,27.5,113.09,89.59,23.5,True
2017,W,3113,3277,73,61,W,1,0.6129032258064516,6.0,8.0,0.65625,9.0,9.0,-0.043346774193548376,-1.0,-3.0,87.68,84.28,3.4000000000000057,True
2017,W,3166,3405,76,49,W,1,0.7666666666666667,8.5,7.0,0.75,7.5,10.0,0.01666666666666672,-3.0,1.0,79.96,76.26,3.6999999999999886,True
2017,W,3177,3320,88,67,W,1,0.7878787878787878,16.0,7.0,0.7419354838709677,8.0,10.0,0.045943304007820096,-3.0,8.0,87.94,77.1,10.840000000000003,True
2017,W,3199,3442,87,66,W,1,0.8064516129032258,19.0,3.0,0.8,8.0,14.0,0.006451612903225712,-11.0,11.0,94.36,71.83,22.53,True
2017,W,3246,3125,73,70,W,1,0.6774193548387096,8.0,4.0,0.8387096774193549,14.0,13.0,-0.16129032258064524,-9.0,-6.0,89.12,73.32,15.800000000000011,True
2017,W,3268,3137,103,61,W,1,0.9375,19.5,3.0,0.84375,10.5,14.0,0.09375,-11.0,9.0,96.27,72.37,23.89999999999999,True
2017,W,3280,3407,110,69,W,1,0.8787878787878788,16.0,2.0,0.6666666666666666,9.5,15.0,0.21212121212121215,-13.0,6.5,94.69,70.54,24.14999999999999,True
2017,W,3281,3378,66,64,W,1,0.6774193548387096,6.0,6.0,0.75,11.0,11.0,-0.07258064516129037,-5.0,-5.0,83.86,82.58,1.2800000000000011,True
2017,W,3301,3120,62,48,W,1,0.7333333333333333,12.0,6.0,0.5483870967741935,4.0,11.0,0.18494623655913978,-5.0,8.0,84.37,80.45,3.9200000000000017,True
2017,W,3323,3352,79,49,W,1,0.9090909090909091,17.0,1.0,0.6774193548387096,8.0,16.0,0.23167155425219943,-15.0,9.0,101.2,64.43,36.769999999999996,True
2017,W,3326,3443,70,63,W,1,0.8125,14.0,5.0,0.8181818181818182,11.0,12.0,-0.005681818181818232,-7.0,3.0,90.5,80.25,10.25,True
2017,W,3333,3253,56,55,W,1,0.8787878787878788,10.0,2.0,0.6875,3.0,15.0,0.19128787878787878,-13.0,7.0,93.24,71.27,21.97,True
2017,W,3345,3453,74,62,W,1,0.6470588235294118,10.5,9.0,0.84375,20.0,8.0,-0.1966911764705882,1.0,-9.5,82.06,84.36,-2.299999999999997,False
2017,W,3376,3421,90,40,W,1,0.8709677419354839,19.0,1.0,0.5625,2.5,16.0,0.3084677419354839,-15.0,16.5,100.32,62.02,38.29999999999999,True
2017,W,3400,3146,78,50,W,1,0.7419354838709677,10.0,3.0,0.8461538461538461,14.0,14.0,-0.1042183622828784,-11.0,-4.0,94.37,68.04,26.33,True
2017,W,3452,3189,75,62,W,1,0.696969696969697,10.0,6.0,0.8125,11.0,11.0,-0.11553030303030298,-5.0,-1.0,88.26,77.86,10.400000000000006,True
2017,W,3124,3411,119,30,W,1,0.9090909090909091,32.0,1.0,0.7096774193548387,6.0,16.0,0.19941348973607032,-15.0,26.0,104.45,62.72,41.730000000000004,True
2017,W,3143,3261,55,52,W,1,0.59375,7.0,9.0,0.6451612903225806,4.0,8.0,-0.05141129032258063,1.0,3.0,82.52,80.97,1.5499999999999972,False
2017,W,3163,3107,116,55,W,1,1.0,38.5,1.0,0.6451612903225806,6.0,16.0,0.3548387096774194,-15.0,32.5,111.43,72.03,39.400000000000006,True
2017,W,3181,3214,94,31,W,1,0.84375,17.5,2.0,0.625,3.0,15.0,0.21875,-13.0,14.5,90.94,66.02,24.92,True
2017,W,3243,3179,67,54,W,1,0.6875,9.5,7.0,0.8709677419354839,14.0,10.0,-0.18346774193548387,-3.0,-4.5,84.48,79.43,5.049999999999997,True
2017,W,3257,3151,82,62,W,1,0.7941176470588235,15.0,4.0,0.6774193548387096,8.0,13.0,0.11669829222011385,-9.0,7.0,92.24,76.21,16.03,True
2017,W,3274,3195,62,60,W,1,0.7419354838709677,10.0,4.0,0.75,15.0,13.0,-0.008064516129032251,-9.0,-5.0,88.19,76.81,11.379999999999995,True
2017,W,3328,3211,75,62,W,1,0.7096774193548387,8.0,6.0,0.8125,12.0,11.0,-0.10282258064516125,-5.0,-4.0,85.68,81.07,4.610000000000014,True
2017,W,3332,3396,71,70,W,1,0.6060606060606061,5.0,10.0,0.7741935483870968,11.0,7.0,-0.16813294232649068,3.0,-6.0,83.06,81.23,1.8299999999999983,False
2017,W,3346,3266,68,65,W,1,0.8181818181818182,11.0,12.0,0.78125,7.5,5.0,0.03693181818181823,7.0,3.5,77.11,79.73,-2.6200000000000045,False
2017,W,3390,3308,72,64,W,1,0.8484848484848485,16.0,2.0,0.7857142857142857,9.0,15.0,0.06277056277056281,-13.0,7.0,95.07,70.78,24.289999999999992,True
2017,W,3393,3235,85,65,W,1,0.6774193548387096,16.0,8.0,0.6,7.0,9.0,0.07741935483870965,-1.0,9.0,89.29,81.33,7.960000000000008,True
2017,W,3397,3173,66,57,W,1,0.6333333333333333,7.5,5.0,0.7096774193548387,10.0,12.0,-0.07634408602150544,-7.0,-2.5,88.89,78.32,10.570000000000007,True
2017,W,3401,3335,63,61,W,1,0.65625,8.0,5.0,0.75,10.5,12.0,-0.09375,-7.0,-2.5,85.97,75.79,10.179999999999993,True
2017,W,3417,3129,83,56,W,1,0.7419354838709677,11.0,4.0,0.7666666666666667,4.5,13.0,-0.02473118279569897,-9.0,6.5,91.74,73.12,18.61999999999999,True
2017,W,3449,3286,91,63,W,1,0.84375,22.5,3.0,0.7931034482758621,6.0,14.0,0.0506465517241379,-11.0,16.5,94.81,71.12,23.689999999999998,True
2017,W,3199,3281,77,55,W,1,0.8064516129032258,19.0,3.0,0.6774193548387096,6.0,6.0,0.12903225806451613,-3.0,13.0,94.36,83.86,10.5,True
2017,W,3268,3452,83,56,W,1,0.9375,19.5,3.0,0.696969696969697,10.0,6.0,0.24053030303030298,-3.0,9.5,96.27,88.26,8.009999999999991,True
2017,W,3280,3177,92,71,W,1,0.8787878787878788,16.0,2.0,0.7878787878787878,16.0,7.0,0.09090909090909094,-5.0,0.0,94.69,87.94,6.75,True
2017,W,3323,3345,88,82,W,1,0.9090909090909091,17.0,1.0,0.6470588235294118,10.5,9.0,0.26203208556149726,-8.0,6.5,101.2,82.06,19.14,True
2017,W,3326,3246,82,68,W,1,0.8125,14.0,5.0,0.6774193548387096,8.0,4.0,0.13508064516129037,1.0,6.0,90.5,89.12,1.3799999999999955,False
2017,W,3333,3166,64,52,W,1,0.8787878787878788,10.0,2.0,0.7666666666666667,8.5,7.0,0.11212121212121207,-5.0,1.5,93.24,79.96,13.280000000000001,True
2017,W,3376,3113,71,68,W,1,0.8709677419354839,19.0,1.0,0.6129032258064516,6.0,8.0,0.25806451612903225,-7.0,13.0,100.32,87.68,12.639999999999986,True
2017,W,3400,3301,84,80,W,1,0.7419354838709677,10.0,3.0,0.7333333333333333,12.0,6.0,0.008602150537634468,-3.0,-2.0,94.37,84.37,10.0,True
2017,W,3124,3143,86,46,W,1,0.9090909090909091,32.0,1.0,0.59375,7.0,9.0,0.31534090909090906,-8.0,25.0,104.45,82.52,21.930000000000007,True
2017,W,3163,3393,94,64,W,1,1.0,38.5,1.0,0.6774193548387096,16.0,8.0,0.32258064516129037,-7.0,22.5,111.43,89.29,22.14,True
2017,W,3257,3397,75,64,W,1,0.7941176470588235,15.0,4.0,0.6333333333333333,7.5,5.0,0.16078431372549018,-1.0,7.5,92.24,88.89,3.3499999999999943,True
2017,W,3332,3181,74,65,W,1,0.6060606060606061,5.0,10.0,0.84375,17.5,2.0,-0.23768939393939392,8.0,-12.5,83.06,90.94,-7.8799999999999955,False
2017,W,3346,3274,85,78,W,1,0.8181818181818182,11.0,12.0,0.7419354838709677,10.0,4.0,0.07624633431085048,8.0,1.0,77.11,88.19,-11.079999999999998,False
2017,W,3390,3243,69,48,W,1,0.8484848484848485,16.0,2.0,0.6875,9.5,7.0,0.1609848484848485,-5.0,6.5,95.07,84.48,10.58999999999999,True
2017,W,3417,3401,75,43,W,1,0.7419354838709677,11.0,4.0,0.65625,8.0,5.0,0.08568548387096775,-1.0,3.0,91.74,85.97,5.769999999999996,True
2017,W,3449,3328,108,82,W,1,0.84375,22.5,3.0,0.7096774193548387,8.0,6.0,0.13407258064516125,-3.0,14.5,94.81,85.68,9.129999999999995,True
2017,W,3124,3257,97,63,W,1,0.9090909090909091,32.0,1.0,0.7941176470588235,15.0,4.0,0.11497326203208558,-3.0,17.0,104.45,92.24,12.210000000000008,True
2017,W,3280,3449,75,64,W,1,0.8787878787878788,16.0,2.0,0.84375,22.5,3.0,0.035037878787878785,-1.0,-6.5,94.69,94.81,-0.12000000000000455,True
2017,W,3323,3326,99,76,W,1,0.9090909090909091,17.0,1.0,0.8125,14.0,5.0,0.09659090909090906,-4.0,3.0,101.2,90.5,10.700000000000003,True
2017,W,3390,3400,77,66,W,1,0.8484848484848485,16.0,2.0,0.7419354838709677,10.0,3.0,0.10654936461388076,-1.0,6.0,95.07,94.37,0.6999999999999886,True
2017,W,3163,3417,86,71,W,1,1.0,38.5,1.0,0.7419354838709677,11.0,4.0,0.25806451612903225,-3.0,27.5,111.43,91.74,19.690000000000012,True
2017,W,3199,3333,66,53,W,1,0.8064516129032258,19.0,3.0,0.8787878787878788,10.0,2.0,-0.07233626588465303,1.0,9.0,94.36,93.24,1.1200000000000045,False
2017,W,3332,3268,77,63,W,1,0.6060606060606061,5.0,10.0,0.9375,19.5,3.0,-0.3314393939393939,7.0,-14.5,83.06,96.27,-13.209999999999994,False
2017,W,3376,3346,100,58,W,1,0.8709677419354839,19.0,1.0,0.8181818181818182,11.0,12.0,0.05278592375366564,-11.0,8.0,100.32,77.11,23.209999999999994,True
2017,W,3280,3124,94,85,W,1,0.8787878787878788,16.0,2.0,0.9090909090909091,32.0,1.0,-0.030303030303030276,1.0,-16.0,94.69,104.45,-9.760000000000005,False
2017,W,3390,3323,76,75,W,1,0.8484848484848485,16.0,2.0,0.9090909090909091,17.0,1.0,-0.06060606060606055,1.0,-1.0,95.07,101.2,-6.13000000000001,False
2017,W,3163,3332,90,52,W,1,1.0,38.5,1.0,0.6060606060606061,5.0,10.0,0.3939393939393939,-9.0,33.5,111.43,83.06,28.370000000000005,True
2017,W,3376,3199,71,64,W,1,0.8709677419354839,19.0,1.0,0.8064516129032258,19.0,3.0,0.06451612903225812,-2.0,0.0,100.32,94.36,5.959999999999994,True
2017,W,3280,3163,66,64,W,1,0.8787878787878788,16.0,2.0,1.0,38.5,1.0,-0.12121212121212122,1.0,-22.5,94.69,111.43,-16.74000000000001,False
2017,W,3376,3390,62,53,W,1,0.8709677419354839,19.0,1.0,0.8484848484848485,16.0,2.0,0.022482893450635366,-1.0,3.0,100.32,95.07,5.25,True
2017,W,3376,3280,67,55,W,1,0.8709677419354839,19.0,1.0,0.8787878787878788,16.0,2.0,-0.00782013685239491,-1.0,3.0,100.32,94.69,5.6299999999999955,True
2018,W,3124,3212,96,46,W,1,0.96875,29.5,2.0,0.59375,4.0,15.0,0.375,-13.0,25.5,105.29,60.58,44.71000000000001,True
2018,W,3177,3328,90,79,W,1,0.7878787878787878,14.0,5.0,0.5333333333333333,3.5,12.0,0.2545454545454545,-7.0,10.5,89.76,85.7,4.060000000000002,True
2018,W,3257,3129,74,42,W,1,0.9411764705882353,13.0,1.0,0.7,6.0,16.0,0.24117647058823533,-15.0,7.0,99.74,72.44,27.299999999999997,True
2018,W,3266,3173,84,65,W,1,0.71875,12.5,8.0,0.7931034482758621,9.0,9.0,-0.0743534482758621,-1.0,3.5,86.9,79.88,7.02000000000001,True
2018,W,3268,3343,77,57,W,1,0.78125,13.0,5.0,0.8275862068965517,15.0,12.0,-0.04633620689655171,-7.0,-2.0,90.6,80.84,9.759999999999991,True
2018,W,3276,3294,75,61,W,1,0.7096774193548387,13.0,7.0,0.8125,6.0,10.0,-0.10282258064516125,-3.0,7.0,86.86,76.66,10.200000000000003,True
2018,W,3278,3453,89,77,W,1,0.7419354838709677,10.0,10.0,0.90625,19.5,7.0,-0.16431451612903225,3.0,-9.5,83.88,88.23,-4.3500000000000085,False
2018,W,3301,3189,62,35,W,1,0.75,13.0,4.0,0.7741935483870968,13.0,13.0,-0.024193548387096753,-9.0,0.0,87.57,79.75,7.819999999999993,True
2018,W,3323,3169,99,81,W,1,0.90625,17.0,1.0,0.5454545454545454,3.0,16.0,0.3607954545454546,-15.0,14.0,101.01,66.59,34.42,True
2018,W,3332,3370,88,45,W,1,0.8823529411764706,15.5,2.0,0.5625,3.0,15.0,0.31985294117647056,-13.0,12.5,97.76,65.92,31.840000000000003,True
2018,W,3333,3443,82,58,W,1,0.7666666666666667,11.5,6.0,0.7419354838709677,14.0,11.0,0.02473118279569897,-5.0,-2.5,90.25,79.3,10.950000000000003,True
2018,W,3376,3299,63,52,W,1,0.8125,12.5,2.0,0.7241379310344828,7.0,15.0,0.08836206896551724,-13.0,5.5,96.62,65.27,31.35000000000001,True
2018,W,3397,3251,100,60,W,1,0.7741935483870968,12.0,3.0,0.7096774193548387,12.0,14.0,0.06451612903225801,-11.0,0.0,91.81,69.68,22.129999999999995,True
2018,W,3401,3179,89,76,W,1,0.7272727272727273,10.0,4.0,0.78125,11.5,13.0,-0.05397727272727271,-9.0,-1.5,88.22,79.56,8.659999999999997,True
2018,W,3437,3355,81,74,W,1,0.7333333333333333,5.5,9.0,0.8064516129032258,15.0,8.0,-0.07311827956989247,1.0,-9.5,81.44,84.23,-2.7900000000000063,False
2018,W,3438,3143,68,62,W,1,0.5806451612903226,2.0,10.0,0.6774193548387096,7.0,7.0,-0.09677419354838701,3.0,-5.0,81.44,85.11,-3.6700000000000017,False
2018,W,3113,3304,73,62,W,1,0.6363636363636364,11.0,7.0,0.6774193548387096,8.0,10.0,-0.04105571847507328,-3.0,3.0,87.74,79.79,7.949999999999989,True
2018,W,3138,3378,102,79,W,1,0.84375,14.5,11.0,0.7878787878787878,16.0,6.0,0.055871212121212155,5.0,-1.5,81.12,88.61,-7.489999999999995,False
2018,W,3141,3261,78,69,W,1,0.8709677419354839,9.0,11.0,0.6785714285714286,4.5,6.0,0.19239631336405527,5.0,4.5,81.36,83.37,-2.010000000000005,False
2018,W,3163,3384,140,52,W,1,1.0,34.5,1.0,0.71875,10.5,16.0,0.28125,-15.0,24.0,112.83,67.54,45.28999999999999,True
2018,W,3166,3234,76,70,W,1,0.6,6.0,11.0,0.7741935483870968,10.0,6.0,-0.17419354838709677,5.0,-4.0,80.95,85.55,-4.599999999999994,False
2018,W,3181,3125,72,58,W,1,0.7333333333333333,13.0,5.0,0.9090909090909091,21.0,12.0,-0.17575757575757578,-7.0,-8.0,89.06,79.98,9.079999999999998,True
2018,W,3195,3281,80,70,W,1,0.8709677419354839,17.0,12.0,0.7741935483870968,9.0,5.0,0.09677419354838712,7.0,8.0,78.55,87.15,-8.600000000000009,False
2018,W,3199,3114,91,49,W,1,0.8064516129032258,16.0,3.0,0.71875,9.0,14.0,0.08770161290322576,-11.0,7.0,92.73,73.64,19.090000000000003,True
2018,W,3208,3273,68,63,W,1,0.8064516129032258,12.0,4.0,0.9375,15.5,13.0,-0.13104838709677424,-9.0,-3.5,85.65,78.69,6.960000000000008,True
2018,W,3280,3311,95,50,W,1,0.9696969696969697,21.0,1.0,0.5517241379310345,2.0,16.0,0.41797283176593525,-15.0,19.0,102.16,62.81,39.349999999999994,True
2018,W,3326,3203,87,45,W,1,0.8181818181818182,15.0,3.0,0.59375,5.0,14.0,0.22443181818181823,-11.0,10.0,93.97,75.17,18.799999999999997,True
2018,W,3329,3393,84,57,W,1,0.6666666666666666,9.0,9.0,0.7333333333333333,8.0,8.0,-0.06666666666666665,1.0,1.0,86.06,83.57,2.490000000000009,False
2018,W,3346,3274,86,72,W,1,0.84375,16.0,9.0,0.6774193548387096,8.0,8.0,0.16633064516129037,1.0,8.0,79.85,84.59,-4.740000000000009,False
2018,W,3390,3211,82,68,W,1,0.6875,9.5,4.0,0.84375,14.5,13.0,-0.15625,-9.0,-5.0,91.3,81.47,9.829999999999998,True
2018,W,3400,3263,83,54,W,1,0.8125,15.0,2.0,0.7,9.0,15.0,0.11250000000000004,-13.0,6.0,98.03,73.34,24.689999999999998,True
2018,W,3417,3110,71,60,W,1,0.7741935483870968,9.0,3.0,0.8125,9.0,14.0,-0.03830645161290325,-11.0,0.0,94.98,71.55,23.430000000000007,True
2018,W,3124,3276,80,58,W,1,0.96875,29.5,2.0,0.7096774193548387,13.0,7.0,0.25907258064516125,-5.0,16.5,105.29,86.86,18.430000000000007,True
2018,W,3257,3266,90,72,W,1,0.9411764705882353,13.0,1.0,0.71875,12.5,8.0,0.22242647058823528,-7.0,0.5,99.74,86.9,12.83999999999999,True
2018,W,3301,3268,74,60,W,1,0.75,13.0,4.0,0.78125,13.0,5.0,-0.03125,-1.0,0.0,87.57,90.6,-3.030000000000001,True
2018,W,3323,3437,98,72,W,1,0.90625,17.0,1.0,0.7333333333333333,5.5,9.0,0.17291666666666672,-8.0,11.5,101.01,81.44,19.570000000000007,True
2018,W,3332,3278,101,73,W,1,0.8823529411764706,15.5,2.0,0.7419354838709677,10.0,10.0,0.1404174573055028,-8.0,5.5,97.76,83.88,13.88000000000001,True
2018,W,3333,3397,66,59,W,1,0.7666666666666667,11.5,6.0,0.7741935483870968,12.0,3.0,-0.007526881720430034,3.0,-0.5,90.25,91.81,-1.5600000000000023,False
2018,W,3376,3438,66,56,W,1,0.8125,12.5,2.0,0.5806451612903226,2.0,10.0,0.23185483870967738,-8.0,10.5,96.62,81.44,15.180000000000007,True
2018,W,3401,3177,80,79,W,1,0.7272727272727273,10.0,4.0,0.7878787878787878,14.0,5.0,-0.06060606060606055,-1.0,-4.0,88.22,89.76,-1.5400000000000063,True
2018,W,3138,3199,86,65,W,1,0.84375,14.5,11.0,0.8064516129032258,16.0,3.0,0.037298387096774244,8.0,-1.5,81.12,92.73,-11.61,False
2018,W,3141,3326,95,78,W,1,0.8709677419354839,9.0,11.0,0.8181818181818182,15.0,3.0,0.05278592375366564,8.0,-6.0,81.36,93.97,-12.61,False
2018,W,3163,3346,71,46,W,1,1.0,34.5,1.0,0.84375,16.0,9.0,0.15625,-8.0,18.5,112.83,79.85,32.980000000000004,True
2018,W,3181,3208,66,40,W,1,0.7333333333333333,13.0,5.0,0.8064516129032258,12.0,4.0,-0.07311827956989247,1.0,1.0,89.06,85.65,3.4099999999999966,False
2018,W,3280,3329,71,56,W,1,0.9696969696969697,21.0,1.0,0.6666666666666666,9.0,9.0,0.3030303030303031,-8.0,12.0,102.16,86.06,16.099999999999994,True
2018,W,3390,3195,90,70,W,1,0.6875,9.5,4.0,0.8709677419354839,17.0,12.0,-0.18346774193548387,-8.0,-7.5,91.3,78.55,12.75,True
2018,W,3400,3113,85,65,W,1,0.8125,15.0,2.0,0.6363636363636364,11.0,7.0,0.17613636363636365,-5.0,4.0,98.03,87.74,10.290000000000006,True
2018,W,3417,3166,86,64,W,1,0.7741935483870968,9.0,3.0,0.6,6.0,11.0,0.17419354838709677,-8.0,3.0,94.98,80.95,14.030000000000001,True
2018,W,3257,3390,86,59,W,1,0.9411764705882353,13.0,1.0,0.6875,9.5,4.0,0.2536764705882353,-3.0,3.5,99.74,91.3,8.439999999999998,True
2018,W,3280,3301,71,57,W,1,0.9696969696969697,21.0,1.0,0.75,13.0,4.0,0.21969696969696972,-3.0,8.0,102.16,87.57,14.590000000000003,True
2018,W,3333,3124,72,67,W,1,0.7666666666666667,11.5,6.0,0.96875,29.5,2.0,-0.20208333333333328,4.0,-18.0,90.25,105.29,-15.040000000000006,False
2018,W,3417,3400,84,75,W,1,0.7741935483870968,9.0,3.0,0.8125,15.0,2.0,-0.03830645161290325,1.0,-6.0,94.98,98.03,-3.049999999999997,False
2018,W,3163,3181,72,59,W,1,1.0,34.5,1.0,0.7333333333333333,13.0,5.0,0.2666666666666667,-4.0,21.5,112.83,89.06,23.769999999999996,True
2018,W,3323,3401,90,84,W,1,0.90625,17.0,1.0,0.7272727272727273,10.0,4.0,0.1789772727272727,-3.0,7.0,101.01,88.22,12.790000000000006,True
2018,W,3332,3141,83,69,W,1,0.8823529411764706,15.5,2.0,0.8709677419354839,9.0,11.0,0.011385199240986688,-9.0,6.5,97.76,81.36,16.400000000000006,True
2018,W,3376,3138,79,63,W,1,0.8125,12.5,2.0,0.84375,14.5,11.0,-0.03125,-9.0,-2.0,96.62,81.12,15.5,True
2018,W,3257,3333,76,43,W,1,0.9411764705882353,13.0,1.0,0.7666666666666667,11.5,6.0,0.17450980392156856,-5.0,1.5,99.74,90.25,9.489999999999995,True
2018,W,3280,3417,89,73,W,1,0.9696969696969697,21.0,1.0,0.7741935483870968,9.0,3.0,0.19550342130987297,-2.0,12.0,102.16,94.98,7.179999999999993,True
2018,W,3163,3376,94,65,W,1,1.0,34.5,1.0,0.8125,12.5,2.0,0.1875,-1.0,22.0,112.83,96.62,16.209999999999994,True
2018,W,3323,3332,84,74,W,1,0.90625,17.0,1.0,0.8823529411764706,15.5,2.0,0.023897058823529438,-1.0,1.5,101.01,97.76,3.25,True
2018,W,3280,3257,73,63,W,1,0.9696969696969697,21.0,1.0,0.9411764705882353,13.0,1.0,0.028520499108734443,0.0,8.0,102.16,99.74,2.4200000000000017,True
2018,W,3323,3163,91,89,W,1,0.90625,17.0,1.0,1.0,34.5,1.0,-0.09375,0.0,-17.5,101.01,112.83,-11.819999999999993,False
2018,W,3323,3280,61,58,W,1,0.90625,17.0,1.0,0.9696969696969697,21.0,1.0,-0.06344696969696972,0.0,-4.0,101.01,102.16,-1.1499999999999915,False
2019,W,3113,3416,60,45,W,1,0.6666666666666666,4.5,5.0,0.8125,8.0,12.0,-0.14583333333333337,-7.0,-3.5,88.31,79.89,8.420000000000002,True
2019,W,3138,3353,82,71,W,1,0.71875,8.0,10.0,0.7096774193548387,8.0,7.0,0.009072580645161255,3.0,0.0,84.43,83.22,1.210000000000008,False
2019,W,3155,3377,79,66,W,1,0.6129032258064516,5.0,9.0,0.8387096774193549,15.0,8.0,-0.22580645161290325,1.0,-10.0,76.62,82.9,-6.280000000000001,False
2019,W,3163,3406,110,61,W,1,0.9393939393939394,32.0,2.0,0.625,5.0,15.0,0.31439393939393945,-13.0,27.0,104.53,66.57,37.96000000000001,True
2019,W,3199,3137,70,67,W,1,0.7419354838709677,4.0,5.0,0.8484848484848485,18.0,12.0,-0.10654936461388076,-7.0,-14.0,87.07,76.6,10.469999999999999,True
2019,W,3231,3400,69,65,W,1,0.625,3.0,10.0,0.71875,9.0,7.0,-0.09375,3.0,-6.0,81.96,89.55,-7.590000000000003,False
2019,W,3234,3273,66,61,W,1,0.8125,14.0,2.0,0.78125,7.5,15.0,0.03125,-13.0,6.5,92.14,74.21,17.930000000000007,True
2019,W,3257,3352,69,34,W,1,0.90625,20.5,1.0,0.6774193548387096,7.0,16.0,0.22883064516129037,-15.0,13.5,99.65,66.86,32.790000000000006,True
2019,W,3266,3349,58,54,W,1,0.7878787878787878,23.0,5.0,0.9032258064516129,12.0,12.0,-0.11534701857282503,-7.0,11.0,92.27,77.62,14.649999999999991,True
2019,W,3274,3195,69,62,W,1,0.75,11.0,4.0,0.8666666666666667,19.0,13.0,-0.1166666666666667,-9.0,-8.0,87.82,79.84,7.97999999999999,True
2019,W,3276,3243,84,54,W,1,0.65625,6.5,8.0,0.65625,8.5,9.0,0.0,-1.0,-2.0,84.84,81.06,3.780000000000001,True
2019,W,3280,3380,103,46,W,1,0.9375,27.0,1.0,0.6071428571428571,3.0,16.0,0.3303571428571429,-15.0,24.0,102.18,61.9,40.28000000000001,True
2019,W,3281,3179,77,76,W,1,0.696969696969697,8.0,7.0,0.8125,13.5,10.0,-0.11553030303030298,-3.0,-5.5,87.4,81.87,5.530000000000001,True
2019,W,3332,3340,78,40,W,1,0.875,19.5,2.0,0.7741935483870968,14.0,15.0,0.10080645161290325,-13.0,5.5,100.19,72.17,28.019999999999996,True
2019,W,3376,3125,74,52,W,1,0.7,8.5,4.0,0.8125,17.0,13.0,-0.11250000000000004,-9.0,-8.5,91.2,79.97,11.230000000000004,True
2019,W,3401,3460,84,61,W,1,0.7741935483870968,10.0,4.0,0.8125,7.5,13.0,-0.03830645161290325,-9.0,2.5,88.25,76.28,11.969999999999999,True
2019,W,3124,3101,95,38,W,1,0.96875,23.5,1.0,0.6785714285714286,7.0,16.0,0.2901785714285714,-15.0,16.5,105.81,65.11,40.7,True
2019,W,3140,3120,73,64,W,1,0.8064516129032258,5.0,7.0,0.7,4.5,10.0,0.1064516129032258,-3.0,0.5,77.39,80.68,-3.2900000000000063,True
2019,W,3143,3314,92,72,W,1,0.6129032258064516,6.0,8.0,0.5625,3.5,9.0,0.050403225806451624,-1.0,2.5,84.29,80.36,3.930000000000007,True
2019,W,3211,3114,68,51,W,1,0.875,17.0,5.0,0.6774193548387096,4.0,12.0,0.19758064516129037,-7.0,13.0,84.76,74.2,10.560000000000002,True
2019,W,3235,3308,97,61,W,1,0.7575757575757576,13.0,3.0,0.8,7.0,14.0,-0.042424242424242475,-11.0,6.0,88.45,66.98,21.47,True
2019,W,3246,3343,82,77,W,1,0.7741935483870968,10.0,6.0,0.7096774193548387,8.0,11.0,0.06451612903225801,-5.0,2.0,85.21,80.23,4.97999999999999,True
2019,W,3268,3347,73,51,W,1,0.875,14.0,3.0,0.8064516129032258,10.0,14.0,0.06854838709677424,-11.0,4.0,91.47,70.15,21.319999999999993,True
2019,W,3277,3141,88,87,W,1,0.6451612903225806,9.0,9.0,0.78125,14.0,8.0,-0.13608870967741937,1.0,-5.0,83.02,86.21,-3.1899999999999977,False
2019,W,3283,3177,89,78,W,1,0.71875,11.0,11.0,0.7878787878787878,9.0,6.0,-0.06912878787878785,5.0,2.0,78.39,88.87,-10.480000000000004,False
2019,W,3301,3263,63,51,W,1,0.8387096774193549,11.0,3.0,0.78125,12.0,14.0,0.05745967741935487,-11.0,-1.0,90.16,75.68,14.47999999999999,True
2019,W,3323,3126,92,50,W,1,0.9090909090909091,25.0,1.0,0.6551724137931034,5.0,16.0,0.25391849529780564,-15.0,20.0,106.24,63.54,42.699999999999996,True
2019,W,3333,3129,80,75,W,1,0.7741935483870968,10.0,4.0,0.8666666666666667,10.0,13.0,-0.09247311827956994,-9.0,0.0,93.35,75.97,17.379999999999995,True
2019,W,3355,3346,76,65,W,1,0.8125,17.5,6.0,0.8125,14.0,11.0,0.0,-5.0,3.5,86.59,80.5,6.090000000000003,True
2019,W,3390,3413,79,54,W,1,0.875,15.5,2.0,0.8,16.5,15.0,0.07499999999999996,-13.0,-1.0,95.49,76.81,18.679999999999993,True
2019,W,3393,3200,70,49,W,1,0.75,9.0,3.0,0.7575757575757576,9.0,14.0,-0.007575757575757569,-11.0,0.0,88.67,76.21,12.460000000000008,True
2019,W,3417,3397,89,77,W,1,0.625,5.0,6.0,0.6129032258064516,6.0,11.0,0.012096774193548376,-5.0,-1.0,89.59,85.4,4.189999999999998,True
2019,W,3113,3274,57,55,W,1,0.6666666666666666,4.5,5.0,0.75,11.0,4.0,-0.08333333333333337,1.0,-6.5,88.31,87.82,0.4900000000000091,False
2019,W,3163,3138,84,72,W,1,0.9393939393939394,32.0,2.0,0.71875,8.0,10.0,0.22064393939393945,-8.0,24.0,104.53,84.43,20.099999999999994,True
2019,W,3234,3281,68,52,W,1,0.8125,14.0,2.0,0.696969696969697,8.0,7.0,0.11553030303030298,-5.0,6.0,92.14,87.4,4.739999999999995,True
2019,W,3257,3276,71,50,W,1,0.90625,20.5,1.0,0.65625,6.5,8.0,0.25,-7.0,14.0,99.65,84.84,14.810000000000002,True
2019,W,3280,3155,85,61,W,1,0.9375,27.0,1.0,0.6129032258064516,5.0,9.0,0.3245967741935484,-8.0,22.0,102.18,76.62,25.560000000000002,True
2019,W,3332,3231,91,68,W,1,0.875,19.5,2.0,0.625,3.0,10.0,0.25,-8.0,16.5,100.19,81.96,18.230000000000004,True
2019,W,3376,3199,72,64,W,1,0.7,8.5,4.0,0.7419354838709677,4.0,5.0,-0.041935483870967794,-1.0,4.5,91.2,87.07,4.13000000000001,True
2019,W,3401,3266,78,76,W,1,0.7741935483870968,10.0,4.0,0.7878787878787878,23.0,5.0,-0.013685239491691092,-1.0,-13.0,88.25,92.27,-4.019999999999996,True
2019,W,3124,3143,102,63,W,1,0.96875,23.5,1.0,0.6129032258064516,6.0,8.0,0.3558467741935484,-7.0,17.5,105.81,84.29,21.519999999999996,True
2019,W,3283,3235,69,60,W,1,0.71875,11.0,11.0,0.7575757575757576,13.0,3.0,-0.03882575757575757,8.0,-2.0,78.39,88.45,-10.060000000000002,False
2019,W,3301,3246,72,57,W,1,0.8387096774193549,11.0,3.0,0.7741935483870968,10.0,6.0,0.06451612903225812,-3.0,1.0,90.16,85.21,4.950000000000003,True
2019,W,3323,3277,91,63,W,1,0.9090909090909091,25.0,1.0,0.6451612903225806,9.0,9.0,0.26392961876832843,-8.0,16.0,106.24,83.02,23.22,True
2019,W,3333,3211,76,70,W,1,0.7741935483870968,10.0,4.0,0.875,17.0,5.0,-0.10080645161290325,-1.0,-7.0,93.35,84.76,8.58999999999999,True
2019,W,3355,3393,75,64,W,1,0.8125,17.5,6.0,0.75,9.0,3.0,0.0625,3.0,8.5,86.59,88.67,-2.0799999999999983,False
2019,W,3390,3140,72,63,W,1,0.875,15.5,2.0,0.8064516129032258,5.0,7.0,0.06854838709677424,-5.0,10.5,95.49,77.39,18.099999999999994,True
2019,W,3417,3268,85,80,W,1,0.625,5.0,6.0,0.875,14.0,3.0,-0.25,3.0,-9.0,89.59,91.47,-1.8799999999999955,False
2019,W,3163,3417,69,61,W,1,0.9393939393939394,32.0,2.0,0.625,5.0,6.0,0.31439393939393945,-4.0,27.0,104.53,89.59,14.939999999999998,True
2019,W,3257,3333,61,44,W,1,0.90625,20.5,1.0,0.7741935483870968,10.0,4.0,0.13205645161290325,-3.0,10.5,99.65,93.35,6.300000000000011,True
2019,W,3280,3113,76,53,W,1,0.9375,27.0,1.0,0.6666666666666666,4.5,5.0,0.27083333333333337,-4.0,22.5,102.18,88.31,13.870000000000005,True
2019,W,3332,3355,63,53,W,1,0.875,19.5,2.0,0.8125,17.5,6.0,0.0625,-4.0,2.0,100.19,86.59,13.599999999999994,True
2019,W,3124,3376,93,68,W,1,0.96875,23.5,1.0,0.7,8.5,4.0,0.26875000000000004,-3.0,15.0,105.81,91.2,14.61,True
2019,W,3234,3301,79,61,W,1,0.8125,14.0,2.0,0.8387096774193549,11.0,3.0,-0.02620967741935487,-1.0,3.0,92.14,90.16,1.980000000000004,True
2019,W,3323,3401,87,80,W,1,0.9090909090909091,25.0,1.0,0.7741935483870968,10.0,4.0,0.1348973607038123,-3.0,15.0,106.24,88.25,17.989999999999995,True
2019,W,3390,3283,55,46,W,1,0.875,15.5,2.0,0.71875,11.0,11.0,0.15625,-9.0,4.5,95.49,78.39,17.099999999999994,True
2019,W,3163,3257,80,73,W,1,0.9393939393939394,32.0,2.0,0.90625,20.5,1.0,0.03314393939393945,1.0,11.5,104.53,99.65,4.8799999999999955,False
2019,W,3332,3280,88,84,W,1,0.875,19.5,2.0,0.9375,27.0,1.0,-0.0625,1.0,-7.5,100.19,102.18,-1.990000000000009,False
2019,W,3124,3234,85,53,W,1,0.96875,23.5,1.0,0.8125,14.0,2.0,0.15625,-1.0,9.5,105.81,92.14,13.670000000000002,True
2019,W,3323,3390,84,68,W,1,0.9090909090909091,25.0,1.0,0.875,15.5,2.0,0.03409090909090906,-1.0,9.5,106.24,95.49,10.75,True
2019,W,3124,3332,72,67,W,1,0.96875,23.5,1.0,0.875,19.5,2.0,0.09375,-1.0,4.0,105.81,100.19,5.6200000000000045,True
2019,W,3323,3163,81,76,W,1,0.9090909090909091,25.0,1.0,0.9393939393939394,32.0,2.0,-0.030303030303030387,-1.0,-7.0,106.24,104.53,1.7099999999999937,True
2019,W,3124,3323,82,81,W,1,0.96875,23.5,1.0,0.9090909090909091,25.0,1.0,0.05965909090909094,0.0,-1.5,105.81,106.24,-0.4299999999999926,True
2021,W,3124,3238,101,52,W,1,0.9259259259259259,24.0,2.0,0.782608695652174,16.0,15.0,0.14331723027375198,-13.0,8.0,100.75,68.54,32.209999999999994,True
2021,W,3163,3219,102,59,W,1,0.96,32.0,1.0,0.7692307692307693,15.5,16.0,0.1907692307692307,-15.0,16.5,104.27,66.46,37.81,True
2021,W,3210,3372,54,52,W,1,0.6521739130434783,4.0,5.0,0.9166666666666666,27.5,12.0,-0.26449275362318836,-7.0,-23.5,86.1,81.04,5.059999999999988,True
2021,W,3234,3141,87,72,W,1,0.6666666666666666,7.0,5.0,0.6923076923076923,5.5,12.0,-0.02564102564102566,-7.0,1.5,88.15,77.01,11.14,True
2021,W,3246,3226,71,63,W,1,0.68,6.0,4.0,0.875,12.5,13.0,-0.19499999999999995,-9.0,-6.5,88.96,76.71,12.25,True
2021,W,3276,3195,87,66,W,1,0.7368421052631579,10.0,6.0,0.9230769230769231,22.0,11.0,-0.18623481781376527,-5.0,-12.0,87.3,81.37,5.929999999999993,True
2021,W,3301,3299,79,58,W,1,0.9090909090909091,14.0,1.0,0.8666666666666667,16.0,16.0,0.042424242424242364,-15.0,-2.0,96.71,67.23,29.47999999999999,True
2021,W,3329,3448,84,61,W,1,0.6923076923076923,13.0,8.0,0.5,0.5,9.0,0.1923076923076923,-1.0,12.5,85.51,82.23,3.280000000000001,True
2021,W,3333,3199,83,59,W,1,0.5882352941176471,7.0,8.0,0.5555555555555556,6.5,9.0,0.0326797385620915,-1.0,0.5,88.34,83.63,4.710000000000008,True
2021,W,3376,3273,79,53,W,1,0.8461538461538461,15.0,1.0,0.75,8.5,16.0,0.09615384615384615,-15.0,6.5,101.83,66.87,34.959999999999994,True
2021,W,3378,3450,57,53,W,1,0.8571428571428571,9.0,8.0,0.5217391304347826,2.0,9.0,0.3354037267080745,-1.0,7.0,83.45,83.63,-0.1799999999999926,True
2021,W,3390,3430,87,44,W,1,0.9259259259259259,27.0,1.0,0.6666666666666666,8.0,16.0,0.2592592592592593,-15.0,19.0,106.54,61.63,44.910000000000004,True
2021,W,3393,3355,72,55,W,1,0.6190476190476191,6.0,8.0,0.875,10.5,9.0,-0.25595238095238093,-1.0,-4.5,85.25,81.43,3.819999999999993,True
2021,W,3397,3292,87,62,W,1,0.6956521739130435,8.0,3.0,0.7083333333333334,5.0,14.0,-0.012681159420289911,-11.0,3.0,89.82,73.3,16.519999999999996,True
2021,W,3439,3266,70,63,W,1,0.6086956521739131,8.0,7.0,0.76,11.0,10.0,-0.15130434782608693,-3.0,-3.0,85.57,83.83,1.7399999999999949,True
2021,W,3452,3250,77,53,W,1,0.7777777777777778,8.0,4.0,0.6428571428571429,8.5,13.0,0.13492063492063489,-9.0,-0.5,87.72,70.57,17.150000000000006,True
2021,W,3104,3314,80,71,W,1,0.64,8.0,7.0,0.5652173913043478,5.0,10.0,0.07478260869565223,-3.0,3.0,84.22,82.74,1.480000000000004,True
2021,W,3112,3392,79,44,W,1,0.7619047619047619,12.0,3.0,0.75,11.5,14.0,0.011904761904761862,-11.0,0.5,93.87,69.69,24.180000000000007,True
2021,W,3125,3211,64,59,W,1,0.8,12.0,12.0,0.8846153846153846,16.5,5.0,-0.08461538461538454,7.0,-4.5,75.93,88.24,-12.309999999999988,False
2021,W,3140,3353,69,66,W,1,0.782608695652174,14.0,11.0,0.7777777777777778,16.0,6.0,0.004830917874396157,5.0,-2.0,79.99,88.28,-8.290000000000006,False
2021,W,3208,3180,67,53,W,1,0.7692307692307693,11.0,3.0,0.6363636363636364,4.5,14.0,0.13286713286713292,-11.0,6.5,89.58,71.26,18.319999999999993,True
2021,W,3231,3433,63,32,W,1,0.782608695652174,13.0,4.0,0.6,3.0,13.0,0.18260869565217397,-9.0,10.0,92.59,73.65,18.939999999999998,True
2021,W,3235,3277,79,75,W,1,0.6153846153846154,3.0,7.0,0.6521739130434783,8.0,10.0,-0.03678929765886285,-3.0,-5.0,88.03,83.41,4.6200000000000045,True
2021,W,3257,3265,74,43,W,1,0.8846153846153846,16.0,2.0,0.8571428571428571,16.0,15.0,0.027472527472527486,-13.0,0.0,96.01,71.02,24.99000000000001,True
2021,W,3268,3291,98,45,W,1,0.9230769230769231,21.0,2.0,0.7272727272727273,13.5,15.0,0.19580419580419584,-13.0,7.5,99.95,65.36,34.59,True
2021,W,3283,3413,70,51,W,1,0.9090909090909091,12.5,5.0,0.8666666666666667,12.0,12.0,0.042424242424242364,-7.0,0.5,87.23,73.69,13.540000000000006,True
2021,W,3321,3416,62,51,W,1,0.6521739130434783,10.0,7.0,0.8,9.5,10.0,-0.14782608695652177,-3.0,0.5,87.52,81.85,5.670000000000002,True
2021,W,3332,3377,67,47,W,1,0.6190476190476191,8.0,6.0,0.782608695652174,17.0,11.0,-0.16356107660455488,-5.0,-9.0,92.67,83.52,9.150000000000006,True
2021,W,3400,3133,81,62,W,1,0.6666666666666666,10.0,6.0,0.5925925925925926,5.0,11.0,0.07407407407407407,-5.0,5.0,86.82,76.78,10.039999999999992,True
2021,W,3401,3407,84,80,W,1,0.92,12.0,2.0,0.8,13.0,15.0,0.12,-13.0,-1.0,93.54,72.97,20.570000000000007,True
2021,W,3417,3461,69,48,W,1,0.7619047619047619,9.0,3.0,0.6086956521739131,3.0,14.0,0.15320910973084878,-11.0,6.0,95.27,72.71,22.560000000000002,True
2021,W,3460,3116,66,62,W,1,0.72,10.0,13.0,0.7037037037037037,5.0,4.0,0.016296296296296253,9.0,5.0,74.17,89.61,-15.439999999999998,False
2021,W,3124,3439,90,48,W,1,0.9259259259259259,24.0,2.0,0.6086956521739131,8.0,7.0,0.31723027375201285,-5.0,16.0,100.75,85.57,15.180000000000007,True
2021,W,3163,3393,83,47,W,1,0.96,32.0,1.0,0.6190476190476191,6.0,8.0,0.3409523809523809,-7.0,26.0,104.27,85.25,19.019999999999996,True
2021,W,3210,3452,73,56,W,1,0.6521739130434783,4.0,5.0,0.7777777777777778,8.0,4.0,-0.12560386473429952,1.0,-4.0,86.1,87.72,-1.6200000000000045,False
2021,W,3234,3246,86,72,W,1,0.6666666666666666,7.0,5.0,0.68,6.0,4.0,-0.01333333333333342,1.0,1.0,88.15,88.96,-0.8099999999999881,False
2021,W,3276,3397,70,55,W,1,0.7368421052631579,10.0,6.0,0.6956521739130435,8.0,3.0,0.041189931350114395,3.0,2.0,87.3,89.82,-2.519999999999996,False
2021,W,3301,3378,79,67,W,1,0.9090909090909091,14.0,1.0,0.8571428571428571,9.0,8.0,0.051948051948051965,-7.0,5.0,96.71,83.45,13.259999999999991,True
2021,W,3376,3333,59,42,W,1,0.8461538461538461,15.0,1.0,0.5882352941176471,7.0,8.0,0.25791855203619907,-7.0,8.0,101.83,88.34,13.489999999999995,True
2021,W,3390,3329,73,62,W,1,0.9259259259259259,27.0,1.0,0.6923076923076923,13.0,8.0,0.23361823361823364,-7.0,14.0,106.54,85.51,21.03,True
2021,W,3112,3140,52,46,W,1,0.7619047619047619,12.0,3.0,0.782608695652174,14.0,11.0,-0.020703933747412084,-8.0,-2.0,93.87,79.99,13.88000000000001,True
2021,W,3231,3125,70,48,W,1,0.782608695652174,13.0,4.0,0.8,12.0,12.0,-0.017391304347826098,-8.0,1.0,92.59,75.93,16.659999999999997,True
2021,W,3257,3321,62,53,W,1,0.8846153846153846,16.0,2.0,0.6521739130434783,10.0,7.0,0.2324414715719063,-5.0,6.0,96.01,87.52,8.490000000000009,True
2021,W,3268,3104,100,64,W,1,0.9230769230769231,21.0,2.0,0.64,8.0,7.0,0.2830769230769231,-5.0,13.0,99.95,84.22,15.730000000000004,True
2021,W,3283,3460,64,39,W,1,0.9090909090909091,12.5,5.0,0.72,10.0,13.0,0.1890909090909091,-8.0,2.5,87.23,74.17,13.060000000000002,True
2021,W,3332,3208,57,50,W,1,0.6190476190476191,8.0,6.0,0.7692307692307693,11.0,3.0,-0.1501831501831502,3.0,-3.0,92.67,89.58,3.0900000000000034,False
2021,W,3400,3417,71,62,W,1,0.6666666666666666,10.0,6.0,0.7619047619047619,9.0,3.0,-0.09523809523809523,3.0,1.0,86.82,95.27,-8.450000000000003,False
2021,W,3401,3235,84,82,W,1,0.92,12.0,2.0,0.6153846153846154,3.0,7.0,0.3046153846153846,-5.0,9.0,93.54,88.03,5.510000000000005,True
2021,W,3112,3401,74,59,W,1,0.7619047619047619,12.0,3.0,0.92,12.0,2.0,-0.15809523809523818,1.0,0.0,93.87,93.54,0.3299999999999983,False
2021,W,3124,3276,78,75,W,1,0.9259259259259259,24.0,2.0,0.7368421052631579,10.0,6.0,0.18908382066276808,-4.0,14.0,100.75,87.3,13.450000000000003,True
2021,W,3163,3234,92,72,W,1,0.96,32.0,1.0,0.6666666666666666,7.0,5.0,0.29333333333333333,-4.0,25.0,104.27,88.15,16.11999999999999,True
2021,W,3231,3301,73,70,W,1,0.782608695652174,13.0,4.0,0.9090909090909091,14.0,1.0,-0.1264822134387351,3.0,-1.0,92.59,96.71,-4.11999999999999,False
2021,W,3257,3332,60,42,W,1,0.8846153846153846,16.0,2.0,0.6190476190476191,8.0,6.0,0.2655677655677655,-4.0,8.0,96.01,92.67,3.3400000000000034,True
2021,W,3376,3210,76,65,W,1,0.8461538461538461,15.0,1.0,0.6521739130434783,4.0,5.0,0.19397993311036787,-4.0,11.0,101.83,86.1,15.730000000000004,True
2021,W,3390,3283,89,62,W,1,0.9259259259259259,27.0,1.0,0.9090909090909091,12.5,5.0,0.01683501683501687,-4.0,14.5,106.54,87.23,19.310000000000002,True
2021,W,3400,3268,64,61,W,1,0.6666666666666666,10.0,6.0,0.9230769230769231,21.0,2.0,-0.2564102564102565,4.0,-11.0,86.82,99.95,-13.13000000000001,False
2021,W,3112,3231,66,53,W,1,0.7619047619047619,12.0,3.0,0.782608695652174,13.0,4.0,-0.020703933747412084,-1.0,-1.0,93.87,92.59,1.2800000000000011,True
2021,W,3163,3124,69,67,W,1,0.96,32.0,1.0,0.9259259259259259,24.0,2.0,0.034074074074074034,-1.0,8.0,104.27,100.75,3.519999999999996,True
2021,W,3376,3400,62,34,W,1,0.8461538461538461,15.0,1.0,0.6666666666666666,10.0,6.0,0.17948717948717952,-5.0,5.0,101.83,86.82,15.010000000000005,True
2021,W,3390,3257,78,63,W,1,0.9259259259259259,27.0,1.0,0.8846153846153846,16.0,2.0,0.04131054131054135,-1.0,11.0,106.54,96.01,10.530000000000001,True
2021,W,3112,3163,69,59,W,1,0.7619047619047619,12.0,3.0,0.96,32.0,1.0,-0.1980952380952381,2.0,-20.0,93.87,104.27,-10.399999999999991,False
2021,W,3390,3376,66,65,W,1,0.9259259259259259,27.0,1.0,0.8461538461538461,15.0,1.0,0.07977207977207978,0.0,12.0,106.54,101.83,4.710000000000008,True
2021,W,3390,3112,54,53,W,1,0.9259259259259259,27.0,1.0,0.7619047619047619,12.0,3.0,0.16402116402116407,-2.0,15.0,106.54,93.87,12.670000000000002,True
2022,W,3173,3177,88,57,W,1,0.8333333333333334,10.0,11.0,0.6875,10.0,11.0,0.14583333333333337,0.0,0.0,83.11,80.54,2.569999999999993,True
2022,W,3224,3230,55,51,W,1,0.6785714285714286,5.0,16.0,0.4074074074074074,-5.0,16.0,0.2711640211640212,0.0,10.0,64.18,58.31,5.8700000000000045,True
2022,W,3255,3291,74,70,W,1,0.65625,5.0,16.0,0.5384615384615384,8.5,16.0,0.11778846153846156,0.0,-3.5,68.38,63.48,4.899999999999999,True
2022,W,3283,3199,61,50,W,1,0.7666666666666667,8.5,11.0,0.5666666666666667,4.0,11.0,0.20000000000000007,0.0,4.5,81.86,81.39,0.46999999999999886,True
2022,W,3124,3218,89,49,W,1,0.8181818181818182,16.0,2.0,0.6896551724137931,7.0,15.0,0.12852664576802508,-13.0,9.0,96.65,70.23,26.42,True
2022,W,3166,3160,84,74,W,1,0.6896551724137931,9.0,10.0,0.7333333333333333,11.5,7.0,-0.04367816091954013,3.0,-2.5,82.22,84.25,-2.030000000000001,False
2022,W,3195,3439,84,81,W,1,0.9285714285714286,16.5,12.0,0.71875,10.5,5.0,0.2098214285714286,7.0,6.0,83.19,89.97,-6.780000000000001,False
2022,W,3208,3173,70,54,W,1,0.6896551724137931,4.0,6.0,0.8333333333333334,10.0,11.0,-0.14367816091954022,-5.0,-6.0,85.57,83.11,2.4599999999999937,True
2022,W,3211,3304,68,55,W,1,0.8125,12.5,9.0,0.75,13.0,8.0,0.0625,1.0,-0.5,87.36,85.26,2.0999999999999943,False
2022,W,3234,3229,98,58,W,1,0.7666666666666667,10.0,2.0,0.5806451612903226,4.0,15.0,0.1860215053763441,-13.0,6.0,93.5,73.52,19.980000000000004,True
2022,W,3235,3426,78,71,W,1,0.8125,16.0,3.0,0.7407407407407407,5.0,14.0,0.0717592592592593,-11.0,11.0,91.86,73.23,18.629999999999995,True
2022,W,3242,3210,77,58,W,1,0.6896551724137931,9.0,8.0,0.6774193548387096,8.0,9.0,0.012235817575083519,-1.0,1.0,81.99,85.27,-3.280000000000001,True
2022,W,3257,3107,83,51,W,1,0.8620689655172413,13.0,1.0,0.7096774193548387,9.0,16.0,0.15239154616240258,-15.0,4.0,97.4,67.45,29.950000000000003,True
2022,W,3268,3174,102,71,W,1,0.7241379310344828,12.0,4.0,0.7666666666666667,9.0,13.0,-0.042528735632183956,-9.0,3.0,91.32,76.21,15.11,True
2022,W,3274,3378,78,66,W,1,0.625,5.5,8.0,0.75,8.0,9.0,-0.125,-1.0,-2.5,83.11,83.73,-0.6200000000000045,True
2022,W,3376,3224,79,21,W,1,0.9354838709677419,17.0,1.0,0.6785714285714286,5.0,16.0,0.2569124423963133,-15.0,12.0,106.36,64.18,42.17999999999999,True
2022,W,3377,3279,75,61,W,1,0.8387096774193549,20.0,10.0,0.7419354838709677,14.0,7.0,0.09677419354838712,3.0,6.0,84.72,86.46,-1.7399999999999949,False
2022,W,3390,3286,78,37,W,1,0.9032258064516129,17.0,1.0,0.625,6.0,16.0,0.2782258064516129,-15.0,11.0,101.83,69.64,32.19,True
2022,W,3400,3193,70,52,W,1,0.8125,14.5,2.0,0.8064516129032258,9.0,15.0,0.006048387096774244,-13.0,5.5,95.21,72.91,22.299999999999997,True
2022,W,3428,3116,92,69,W,1,0.6451612903225806,6.0,7.0,0.5806451612903226,7.0,10.0,0.06451612903225801,-3.0,-1.0,83.14,83.4,-0.2600000000000051,True
2022,W,3112,3424,72,67,W,1,0.7407407407407407,9.0,4.0,0.8125,10.0,13.0,-0.0717592592592593,-9.0,-1.0,87.1,76.65,10.449999999999989,True
2022,W,3125,3332,73,70,W,1,0.7586206896551724,14.0,12.0,0.6333333333333333,4.5,5.0,0.12528735632183907,7.0,9.5,80.24,89.36,-9.120000000000005,False
2022,W,3163,3273,83,38,W,1,0.8333333333333334,19.5,2.0,0.7931034482758621,9.0,15.0,0.04022988505747127,-13.0,10.5,98.35,73.84,24.50999999999999,True
2022,W,3231,3150,85,51,W,1,0.7333333333333333,9.0,3.0,0.7096774193548387,5.0,14.0,0.023655913978494536,-11.0,4.0,91.08,75.98,15.099999999999994,True
2022,W,3243,3450,50,40,W,1,0.6129032258064516,9.0,9.0,0.6551724137931034,5.0,8.0,-0.0422691879866518,1.0,4.0,82.22,80.76,1.4599999999999937,False
2022,W,3261,3238,83,77,W,1,0.8333333333333334,9.0,3.0,0.7931034482758621,16.0,14.0,0.04022988505747127,-11.0,-7.0,88.09,75.51,12.579999999999998,True
2022,W,3276,3110,74,39,W,1,0.7857142857142857,12.0,3.0,0.7419354838709677,8.0,14.0,0.04377880184331795,-11.0,4.0,90.12,69.26,20.86,True
2022,W,3301,3255,96,68,W,1,0.90625,20.5,1.0,0.65625,5.0,16.0,0.25,-15.0,15.5,101.78,68.38,33.400000000000006,True
2022,W,3314,3372,79,66,W,1,0.7931034482758621,16.0,5.0,0.8666666666666667,17.5,12.0,-0.0735632183908046,-7.0,-1.5,90.85,81.68,9.169999999999987,True
2022,W,3323,3269,89,78,W,1,0.7333333333333333,11.5,5.0,0.8125,9.0,12.0,-0.07916666666666672,-7.0,2.5,87.32,79.69,7.6299999999999955,True
2022,W,3326,3283,63,56,W,1,0.7931034482758621,12.0,6.0,0.7666666666666667,8.5,11.0,0.02643678160919538,-5.0,3.5,87.24,81.86,5.3799999999999955,True
2022,W,3328,3237,78,72,W,1,0.75,6.5,4.0,0.8571428571428571,16.0,13.0,-0.1071428571428571,-9.0,-9.5,86.15,79.3,6.8500000000000085,True
2022,W,3343,3246,69,62,W,1,0.8518518518518519,20.0,11.0,0.6333333333333333,7.5,6.0,0.21851851851851856,5.0,12.5,85.61,88.13,-2.519999999999996,False
2022,W,3397,3138,80,67,W,1,0.7419354838709677,10.0,4.0,0.7575757575757576,8.0,13.0,-0.01564027370478982,-9.0,2.0,89.1,80.26,8.83999999999999,True
2022,W,3416,3196,69,52,W,1,0.8928571428571429,12.5,7.0,0.6774193548387096,6.0,10.0,0.21543778801843327,-3.0,6.5,87.39,81.32,6.070000000000007,True
2022,W,3437,3140,61,57,W,1,0.7419354838709677,9.0,11.0,0.896551724137931,22.0,6.0,-0.1546162402669633,5.0,-13.0,78.78,88.95,-10.170000000000002,False
2022,W,3166,3234,64,62,W,1,0.6896551724137931,9.0,10.0,0.7666666666666667,10.0,2.0,-0.07701149425287357,8.0,-1.0,82.22,93.5,-11.280000000000001,False
2022,W,3235,3208,67,44,W,1,0.8125,16.0,3.0,0.6896551724137931,4.0,6.0,0.12284482758620685,-3.0,12.0,91.86,85.57,6.290000000000006,True
2022,W,3257,3211,68,59,W,1,0.8620689655172413,13.0,1.0,0.8125,12.5,9.0,0.049568965517241326,-8.0,0.5,97.4,87.36,10.040000000000006,True
2022,W,3268,3195,89,65,W,1,0.7241379310344828,12.0,4.0,0.9285714285714286,16.5,12.0,-0.20443349753694584,-8.0,-4.5,91.32,83.19,8.129999999999995,True
2022,W,3376,3274,49,33,W,1,0.9354838709677419,17.0,1.0,0.625,5.5,8.0,0.3104838709677419,-7.0,11.5,106.36,83.11,23.25,True
2022,W,3377,3124,61,47,W,1,0.8387096774193549,20.0,10.0,0.8181818181818182,16.0,2.0,0.02052785923753664,8.0,4.0,84.72,96.65,-11.930000000000007,False
2022,W,3390,3242,91,65,W,1,0.9032258064516129,17.0,1.0,0.6896551724137931,9.0,8.0,0.21357063403781973,-7.0,8.0,101.83,81.99,19.840000000000003,True
2022,W,3400,3428,78,56,W,1,0.8125,14.5,2.0,0.6451612903225806,6.0,7.0,0.16733870967741937,-5.0,8.5,95.21,83.14,12.069999999999993,True
2022,W,3163,3416,52,47,W,1,0.8333333333333334,19.5,2.0,0.8928571428571429,12.5,7.0,-0.059523809523809534,-5.0,7.0,98.35,87.39,10.959999999999994,True
2022,W,3231,3343,56,55,W,1,0.7333333333333333,9.0,3.0,0.8518518518518519,20.0,11.0,-0.11851851851851858,-8.0,-11.0,91.08,85.61,5.469999999999999,True
2022,W,3276,3437,64,49,W,1,0.7857142857142857,12.0,3.0,0.7419354838709677,9.0,11.0,0.04377880184331795,-8.0,3.0,90.12,78.78,11.340000000000003,True
2022,W,3301,3243,89,57,W,1,0.90625,20.5,1.0,0.6129032258064516,9.0,9.0,0.2933467741935484,-8.0,11.5,101.78,82.22,19.560000000000002,True
2022,W,3314,3112,63,45,W,1,0.7931034482758621,16.0,5.0,0.7407407407407407,9.0,4.0,0.0523627075351214,1.0,7.0,90.85,87.1,3.75,False
2022,W,3323,3328,108,64,W,1,0.7333333333333333,11.5,5.0,0.75,6.5,4.0,-0.01666666666666672,1.0,5.0,87.32,86.15,1.1699999999999875,False
2022,W,3326,3261,79,64,W,1,0.7931034482758621,12.0,6.0,0.8333333333333334,9.0,3.0,-0.04022988505747127,3.0,3.0,87.24,88.09,-0.8500000000000085,False
2022,W,3397,3125,70,67,W,1,0.7419354838709677,10.0,4.0,0.7586206896551724,14.0,12.0,-0.016685205784204626,-8.0,-4.0,89.1,80.24,8.86,True
2022,W,3166,3235,76,68,W,1,0.6896551724137931,9.0,10.0,0.8125,16.0,3.0,-0.12284482758620685,7.0,-7.0,82.22,91.86,-9.64,False
2022,W,3376,3314,69,61,W,1,0.9354838709677419,17.0,1.0,0.7931034482758621,16.0,5.0,0.14238042269187978,-4.0,1.0,106.36,90.85,15.510000000000005,True
2022,W,3390,3268,72,66,W,1,0.9032258064516129,17.0,1.0,0.7241379310344828,12.0,4.0,0.17908787541713012,-3.0,5.0,101.83,91.32,10.510000000000005,True
2022,W,3400,3326,66,63,W,1,0.8125,14.5,2.0,0.7931034482758621,12.0,6.0,0.0193965517241379,-4.0,2.5,95.21,87.24,7.969999999999999,True
2022,W,3163,3231,75,58,W,1,0.8333333333333334,19.5,2.0,0.7333333333333333,9.0,3.0,0.10000000000000009,-1.0,10.5,98.35,91.08,7.269999999999996,True
2022,W,3257,3397,76,64,W,1,0.8620689655172413,13.0,1.0,0.7419354838709677,10.0,4.0,0.12013348164627358,-3.0,3.0,97.4,89.1,8.300000000000011,True
2022,W,3276,3377,52,49,W,1,0.7857142857142857,12.0,3.0,0.8387096774193549,20.0,10.0,-0.05299539170506917,-7.0,-8.0,90.12,84.72,5.400000000000006,True
2022,W,3301,3323,66,63,W,1,0.90625,20.5,1.0,0.7333333333333333,11.5,5.0,0.17291666666666672,-4.0,9.0,101.78,87.32,14.460000000000008,True
2022,W,3376,3166,80,50,W,1,0.9354838709677419,17.0,1.0,0.6896551724137931,9.0,10.0,0.24582869855394873,-9.0,8.0,106.36,82.22,24.14,True
2022,W,3390,3400,59,50,W,1,0.9032258064516129,17.0,1.0,0.8125,14.5,2.0,0.09072580645161288,-1.0,2.5,101.83,95.21,6.6200000000000045,True
2022,W,3163,3301,91,87,W,1,0.8333333333333334,19.5,2.0,0.90625,20.5,1.0,-0.07291666666666663,1.0,-1.0,98.35,101.78,-3.430000000000007,False
2022,W,3257,3276,62,50,W,1,0.8620689655172413,13.0,1.0,0.7857142857142857,12.0,3.0,0.07635467980295563,-2.0,1.0,97.4,90.12,7.280000000000001,True
2022,W,3163,3390,63,58,W,1,0.8333333333333334,19.5,2.0,0.9032258064516129,17.0,1.0,-0.06989247311827951,1.0,2.5,98.35,101.83,-3.480000000000004,False
2022,W,3376,3257,72,59,W,1,0.9354838709677419,17.0,1.0,0.8620689655172413,13.0,1.0,0.07341490545050056,0.0,4.0,106.36,97.4,8.959999999999994,True
2022,W,3376,3163,64,49,W,1,0.9354838709677419,17.0,1.0,0.8333333333333334,19.5,2.0,0.10215053763440851,-1.0,-2.5,106.36,98.35,8.010000000000005,True
2023,W,3280,3228,70,56,W,1,0.6666666666666666,14.0,11.0,0.7096774193548387,10.0,11.0,-0.043010752688172116,0.0,4.0,83.33,79.8,3.530000000000001,False
2023,W,3357,3380,57,47,W,1,0.5666666666666667,6.0,16.0,0.5333333333333333,1.5,16.0,0.033333333333333326,0.0,4.5,59.94,61.73,-1.7899999999999991,True
2023,W,3385,3345,66,64,W,1,0.7333333333333333,6.5,11.0,0.6551724137931034,8.0,11.0,0.07816091954022986,0.0,-1.5,78.1,81.65,-3.5500000000000114,True
2023,W,3399,3284,79,69,W,1,0.6896551724137931,6.0,16.0,0.53125,1.5,16.0,0.15840517241379315,0.0,4.5,66.81,64.1,2.710000000000008,True
2023,W,3112,3452,75,62,W,1,0.7,9.0,7.0,0.6333333333333333,7.0,10.0,0.06666666666666665,-3.0,2.0,87.05,81.82,5.230000000000004,True
2023,W,3208,3199,66,54,W,1,0.65625,10.5,10.0,0.71875,8.0,7.0,-0.0625,3.0,2.5,85.4,86.22,-0.8199999999999932,False
2023,W,3234,3368,95,43,W,1,0.8125,13.5,2.0,0.6785714285714286,8.0,15.0,0.1339285714285714,-13.0,5.5,97.19,66.27,30.92,True
2023,W,3261,3218,73,50,W,1,0.9333333333333333,22.0,3.0,0.5625,3.0,14.0,0.37083333333333335,-11.0,19.0,96.14,69.63,26.510000000000005,True
2023,W,3268,3221,93,61,W,1,0.8064516129032258,11.0,2.0,0.7419354838709677,7.0,15.0,0.06451612903225801,-13.0,4.0,93.6,67.66,25.939999999999998,True
2023,W,3276,3424,71,59,W,1,0.7096774193548387,10.0,6.0,0.9375,13.5,11.0,-0.22782258064516125,-5.0,-3.5,87.77,80.95,6.819999999999993,True
2023,W,3279,3211,71,48,W,1,0.7419354838709677,14.0,8.0,0.875,12.0,9.0,-0.13306451612903225,-1.0,2.0,87.34,84.68,2.6599999999999966,True
2023,W,3280,3166,81,66,W,1,0.6666666666666666,14.0,11.0,0.7333333333333333,10.5,6.0,-0.06666666666666665,5.0,3.5,83.33,88.66,-5.329999999999998,False
2023,W,3323,3381,82,56,W,1,0.8333333333333334,13.5,3.0,0.7,5.0,14.0,0.13333333333333341,-11.0,8.5,93.82,69.71,24.11,True
2023,W,3343,3301,64,63,W,1,0.8214285714285714,14.5,10.0,0.6451612903225806,9.0,7.0,0.17626728110599077,3.0,5.5,83.69,89.4,-5.710000000000008,False
2023,W,3355,3425,62,57,W,1,0.8484848484848485,22.0,9.0,0.7,7.5,8.0,0.14848484848484855,1.0,14.5,85.75,84.52,1.230000000000004,False
2023,W,3376,3313,72,40,W,1,1.0,28.0,1.0,0.8064516129032258,11.0,16.0,0.19354838709677424,-15.0,17.0,110.03,66.68,43.349999999999994,True
2023,W,3378,3266,67,65,W,1,0.8125,9.5,8.0,0.6774193548387096,9.0,9.0,0.13508064516129037,-1.0,0.5,83.98,82.79,1.1899999999999977,True
2023,W,3390,3357,92,49,W,1,0.8484848484848485,13.0,1.0,0.5666666666666667,6.0,16.0,0.28181818181818186,-15.0,7.0,100.55,59.94,40.61,True
2023,W,3428,3205,103,77,W,1,0.8620689655172413,10.0,2.0,0.8787878787878788,12.0,15.0,-0.01671891327063746,-13.0,-2.0,92.15,69.9,22.25,True
2023,W,3439,3151,58,33,W,1,0.8709677419354839,13.0,1.0,0.6,6.0,16.0,0.2709677419354839,-15.0,7.0,95.72,64.87,30.849999999999994,True
2023,W,3124,3104,78,74,W,1,0.6129032258064516,6.0,7.0,0.6666666666666666,7.0,10.0,-0.053763440860215006,-3.0,-1.0,86.61,82.91,3.700000000000003,True
2023,W,3160,3292,82,60,W,1,0.7419354838709677,8.0,6.0,0.875,18.0,11.0,-0.13306451612903225,-5.0,-10.0,87.25,82.91,4.340000000000003,True
2023,W,3163,3436,95,52,W,1,0.8529411764705882,12.0,2.0,0.8,7.5,15.0,0.05294117647058816,-13.0,4.5,98.59,67.45,31.14,True
2023,W,3181,3233,89,49,W,1,0.8064516129032258,12.0,3.0,0.8125,9.0,14.0,-0.006048387096774244,-11.0,3.0,90.13,67.49,22.64,True
2023,W,3195,3450,74,63,W,1,0.9090909090909091,19.0,12.0,0.696969696969697,7.0,5.0,0.21212121212121204,7.0,12.0,82.94,86.55,-3.6099999999999994,False
2023,W,3231,3399,77,47,W,1,0.9,15.5,1.0,0.6896551724137931,6.0,16.0,0.21034482758620687,-15.0,9.5,98.7,66.81,31.89,True
2023,W,3257,3179,83,81,W,1,0.6764705882352942,8.0,5.0,0.7096774193548387,17.0,12.0,-0.03320683111954459,-7.0,-9.0,91.45,80.27,11.180000000000007,True
2023,W,3274,3329,62,61,W,1,0.6129032258064516,5.0,9.0,0.65625,6.5,8.0,-0.043346774193548376,1.0,-1.5,83.49,83.17,0.3199999999999932,False
2023,W,3314,3385,61,59,W,1,0.6774193548387096,10.0,6.0,0.7333333333333333,6.5,11.0,-0.05591397849462365,-5.0,3.5,89.69,78.1,11.590000000000003,True
2023,W,3326,3241,80,66,W,1,0.78125,12.0,3.0,0.78125,6.5,14.0,0.0,-11.0,5.5,91.03,73.16,17.870000000000005,True
2023,W,3328,3339,85,63,W,1,0.8064516129032258,10.0,5.0,0.7241379310344828,10.0,12.0,0.082313681868743,-7.0,0.0,87.9,77.99,9.91000000000001,True
2023,W,3397,3387,95,50,W,1,0.6764705882352942,10.5,4.0,0.5,0.0,13.0,0.17647058823529416,-9.0,10.5,93.45,71.98,21.47,True
2023,W,3400,3187,79,40,W,1,0.7352941176470589,13.5,4.0,0.71875,8.5,13.0,0.016544117647058876,-9.0,5.0,94.62,75.4,19.22,True
2023,W,3405,3235,80,73,W,1,0.875,10.5,12.0,0.7096774193548387,10.0,5.0,0.16532258064516125,7.0,0.5,79.99,91.57,-11.579999999999998,False
2023,W,3417,3170,67,45,W,1,0.7352941176470589,8.0,4.0,0.78125,9.5,13.0,-0.045955882352941124,-9.0,-1.5,88.67,72.81,15.86,True
2023,W,3437,3156,76,59,W,1,0.8235294117647058,13.0,4.0,0.8823529411764706,18.0,13.0,-0.05882352941176472,-9.0,-5.0,88.55,77.38,11.170000000000002,True
2023,W,3234,3208,74,66,W,1,0.8125,13.5,2.0,0.65625,10.5,10.0,0.15625,-8.0,3.0,97.19,85.4,11.789999999999992,True
2023,W,3261,3276,66,42,W,1,0.9333333333333333,22.0,3.0,0.7096774193548387,10.0,6.0,0.2236559139784946,-3.0,12.0,96.14,87.77,8.370000000000005,True
2023,W,3268,3112,77,64,W,1,0.8064516129032258,11.0,2.0,0.7,9.0,7.0,0.1064516129032258,-5.0,2.0,93.6,87.05,6.549999999999997,True
2023,W,3279,3390,54,49,W,1,0.7419354838709677,14.0,8.0,0.8484848484848485,13.0,1.0,-0.10654936461388076,7.0,1.0,87.34,100.55,-13.209999999999994,False
2023,W,3323,3280,53,48,W,1,0.8333333333333334,13.5,3.0,0.6666666666666666,14.0,11.0,0.16666666666666674,-8.0,-0.5,93.82,83.33,10.489999999999995,True
2023,W,3376,3378,76,45,W,1,1.0,28.0,1.0,0.8125,9.5,8.0,0.1875,-7.0,18.5,110.03,83.98,26.049999999999997,True
2023,W,3428,3343,63,56,W,1,0.8620689655172413,10.0,2.0,0.8214285714285714,14.5,10.0,0.04064039408866993,-8.0,-4.5,92.15,83.69,8.460000000000008,True
2023,W,3439,3355,72,60,W,1,0.8709677419354839,13.0,1.0,0.8484848484848485,22.0,9.0,0.022482893450635366,-8.0,-9.0,95.72,85.75,9.969999999999999,True
2023,W,3160,3181,61,53,W,1,0.7419354838709677,8.0,6.0,0.8064516129032258,12.0,3.0,-0.06451612903225801,3.0,-4.0,87.25,90.13,-2.8799999999999955,False
2023,W,3163,3124,77,58,W,1,0.8529411764705882,12.0,2.0,0.6129032258064516,6.0,7.0,0.24003795066413658,-5.0,6.0,98.59,86.61,11.980000000000004,True
2023,W,3257,3400,73,51,W,1,0.6764705882352942,8.0,5.0,0.7352941176470589,13.5,4.0,-0.05882352941176472,1.0,-5.5,91.45,94.62,-3.1700000000000017,False
2023,W,3274,3231,70,68,W,1,0.6129032258064516,5.0,9.0,0.9,15.5,1.0,-0.2870967741935484,8.0,-10.5,83.49,98.7,-15.210000000000008,False
2023,W,3326,3314,71,69,W,1,0.78125,12.0,3.0,0.6774193548387096,10.0,6.0,0.10383064516129037,-3.0,2.0,91.03,89.69,1.3400000000000034,True
2023,W,3397,3405,94,47,W,1,0.6764705882352942,10.5,4.0,0.875,10.5,12.0,-0.19852941176470584,-8.0,0.0,93.45,79.99,13.460000000000008,True
2023,W,3417,3328,82,73,W,1,0.7352941176470589,8.0,4.0,0.8064516129032258,10.0,5.0,-0.07115749525616688,-1.0,-2.0,88.67,87.9,0.769999999999996,True
2023,W,3437,3195,76,57,W,1,0.8235294117647058,13.0,4.0,0.9090909090909091,19.0,12.0,-0.08556149732620322,-8.0,-6.0,88.55,82.94,5.609999999999999,True
2023,W,3234,3160,87,77,W,1,0.8125,13.5,2.0,0.7419354838709677,8.0,6.0,0.07056451612903225,-4.0,5.5,97.19,87.25,9.939999999999998,True
2023,W,3257,3279,72,62,W,1,0.6764705882352942,8.0,5.0,0.7419354838709677,14.0,8.0,-0.06546489563567359,-3.0,-6.0,91.45,87.34,4.109999999999999,True
2023,W,3261,3428,66,63,W,1,0.9333333333333333,22.0,3.0,0.8620689655172413,10.0,2.0,0.07126436781609202,1.0,12.0,96.14,92.15,3.989999999999995,False
2023,W,3274,3437,70,65,W,1,0.6129032258064516,5.0,9.0,0.8235294117647058,13.0,4.0,-0.21062618595825422,5.0,-8.0,83.49,88.55,-5.060000000000002,False
2023,W,3268,3323,76,59,W,1,0.8064516129032258,11.0,2.0,0.8333333333333334,13.5,3.0,-0.026881720430107614,-1.0,-2.5,93.6,93.82,-0.21999999999999886,True
2023,W,3326,3163,73,61,W,1,0.78125,12.0,3.0,0.8529411764705882,12.0,2.0,-0.0716911764705882,1.0,0.0,91.03,98.59,-7.560000000000002,False
2023,W,3376,3417,59,43,W,1,1.0,28.0,1.0,0.7352941176470589,8.0,4.0,0.2647058823529411,-3.0,20.0,110.03,88.67,21.36,True
2023,W,3439,3397,73,64,W,1,0.8709677419354839,13.0,1.0,0.6764705882352942,10.5,4.0,0.19449715370018972,-3.0,2.5,95.72,93.45,2.269999999999996,True
2023,W,3234,3257,97,83,W,1,0.8125,13.5,2.0,0.6764705882352942,8.0,5.0,0.13602941176470584,-3.0,5.5,97.19,91.45,5.739999999999995,True
2023,W,3261,3274,54,42,W,1,0.9333333333333333,22.0,3.0,0.6129032258064516,5.0,9.0,0.3204301075268817,-6.0,17.0,96.14,83.49,12.650000000000006,True
2023,W,3376,3268,86,75,W,1,1.0,28.0,1.0,0.8064516129032258,11.0,2.0,0.19354838709677424,-1.0,17.0,110.03,93.6,16.430000000000007,True
2023,W,3439,3326,84,74,W,1,0.8709677419354839,13.0,1.0,0.78125,12.0,3.0,0.08971774193548387,-2.0,1.0,95.72,91.03,4.689999999999998,True
2023,W,3234,3376,77,73,W,1,0.8125,13.5,2.0,1.0,28.0,1.0,-0.1875,1.0,-14.5,97.19,110.03,-12.840000000000003,False
2023,W,3261,3439,79,72,W,1,0.9333333333333333,22.0,3.0,0.8709677419354839,13.0,1.0,0.062365591397849474,2.0,9.0,96.14,95.72,0.4200000000000017,False
2023,W,3261,3234,102,85,W,1,0.9333333333333333,22.0,3.0,0.8125,13.5,2.0,0.12083333333333335,1.0,8.5,96.14,97.19,-1.0499999999999972,False
2016,M,1192,1195,65,96,L,0,0.5483870967741935,2.0,16.0,0.5517241379310345,2.0,16.0,-0.0033370411568409697,0.0,0.0,66.72,71.41,-4.689999999999998,False
2016,M,1435,1455,50,70,L,0,0.59375,10.0,11.0,0.7419354838709677,17.0,11.0,-0.14818548387096775,0.0,-7.0,85.59,86.59,-1.0,False
2016,M,1380,1221,55,59,L,0,0.6129032258064516,4.0,16.0,0.42424242424242425,-4.0,16.0,0.18866080156402737,0.0,8.0,67.96,66.85,1.1099999999999994,True
2016,M,1409,1276,62,67,L,0,0.6451612903225806,8.0,11.0,0.6363636363636364,5.0,11.0,0.008797653958944274,0.0,3.0,79.93,79.57,0.36000000000001364,True
2016,M,1345,1114,83,85,L,0,0.7647058823529411,13.0,5.0,0.8709677419354839,8.0,12.0,-0.10626185958254275,-7.0,5.0,88.68,78.9,9.780000000000001,True
2016,M,1403,1139,61,71,L,0,0.6129032258064516,3.0,8.0,0.6774193548387096,6.0,9.0,-0.06451612903225801,-1.0,-3.0,81.27,84.17,-2.9000000000000057,True
2016,M,1160,1163,67,74,L,0,0.65625,4.5,8.0,0.7058823529411765,8.5,9.0,-0.049632352941176516,-1.0,-4.0,81.46,85.32,-3.8599999999999994,True
2016,M,1423,1181,85,93,L,0,0.7666666666666667,5.5,13.0,0.696969696969697,8.0,4.0,0.0696969696969697,9.0,-2.5,77.72,87.33,-9.61,False
2016,M,1371,1211,52,68,L,0,0.7575757575757576,8.0,6.0,0.78125,9.5,11.0,-0.02367424242424243,-5.0,-1.5,84.46,85.96,-1.5,True
2016,M,1151,1231,74,99,L,0,0.84375,7.5,12.0,0.78125,10.0,5.0,0.0625,7.0,-2.5,76.6,87.36,-10.760000000000005,False
2016,M,1233,1235,81,94,L,0,0.6875,8.5,13.0,0.65625,6.5,4.0,0.03125,9.0,2.0,78.22,86.5,-8.280000000000001,False
2016,M,1122,1242,79,105,L,0,0.48484848484848486,-1.0,16.0,0.8787878787878788,10.0,1.0,-0.3939393939393939,15.0,-11.0,68.83,94.46,-25.629999999999995,False
2016,M,1392,1246,57,85,L,0,0.8,12.5,13.0,0.7647058823529411,13.5,4.0,0.03529411764705892,9.0,-1.0,77.09,90.69,-13.599999999999994,False
2016,M,1138,1274,72,79,L,0,0.5757575757575758,4.0,14.0,0.78125,10.5,3.0,-0.2054924242424242,11.0,-6.5,75.66,87.05,-11.39,False
2016,M,1195,1314,67,83,L,0,0.5517241379310345,2.0,16.0,0.8235294117647058,11.5,1.0,-0.27180527383367137,15.0,-9.5,71.41,93.94,-22.53,False
2016,M,1425,1344,69,70,L,0,0.6363636363636364,10.0,8.0,0.696969696969697,4.0,9.0,-0.06060606060606066,-1.0,6.0,81.4,82.48,-1.0799999999999983,True
2016,M,1201,1428,69,80,L,0,0.71875,4.5,14.0,0.7575757575757576,6.0,3.0,-0.03882575757575757,11.0,-1.5,76.61,86.64,-10.030000000000001,False
2016,M,1214,1438,45,81,L,0,0.6666666666666666,3.0,16.0,0.7878787878787878,11.0,1.0,-0.12121212121212122,15.0,-8.0,68.61,92.46,-23.849999999999994,False
2016,M,1112,1455,55,65,L,0,0.7575757575757576,12.0,6.0,0.7419354838709677,17.0,11.0,0.01564027370478982,-5.0,-5.0,89.04,86.59,2.450000000000003,True
2016,M,1124,1463,75,79,L,0,0.65625,8.0,5.0,0.7777777777777778,13.0,12.0,-0.12152777777777779,-7.0,-5.0,85.47,80.2,5.269999999999996,True
2016,M,1143,1218,66,77,L,0,0.696969696969697,8.0,4.0,0.8333333333333334,11.0,13.0,-0.13636363636363635,-9.0,-3.0,85.62,78.02,7.6000000000000085,True
2016,M,1396,1234,70,72,L,0,0.65625,3.5,10.0,0.6774193548387096,11.0,7.0,-0.02116935483870963,3.0,-7.5,78.48,85.91,-7.429999999999993,False
2016,M,1355,1268,74,79,L,0,0.7741935483870968,9.0,12.0,0.75,6.5,5.0,0.024193548387096753,7.0,2.5,78.64,87.37,-8.730000000000004,False
2016,M,1277,1292,81,90,L,0,0.8529411764705882,15.5,2.0,0.7096774193548387,3.0,15.0,0.14326375711574946,-13.0,12.5,91.84,75.02,16.820000000000007,True
2016,M,1400,1320,72,75,L,0,0.625,3.0,6.0,0.6363636363636364,3.0,11.0,-0.011363636363636354,-5.0,0.0,84.66,80.24,4.420000000000002,True
2016,M,1276,1323,63,70,L,0,0.6363636363636364,5.0,11.0,0.65625,5.0,6.0,-0.019886363636363646,5.0,0.0,79.57,84.36,-4.790000000000006,False
2016,M,1167,1328,68,82,L,0,0.7241379310344828,11.0,15.0,0.78125,7.0,2.0,-0.05711206896551724,13.0,4.0,74.97,89.96,-14.989999999999995,False
2016,M,1221,1332,52,91,L,0,0.42424242424242425,-4.0,16.0,0.8181818181818182,10.0,1.0,-0.393939393939394,15.0,-14.0,66.85,88.0,-21.150000000000006,False
2016,M,1452,1372,56,70,L,0,0.7647058823529411,11.0,3.0,0.8214285714285714,20.5,14.0,-0.05672268907563027,-11.0,-9.5,89.3,80.98,8.319999999999993,True
2016,M,1153,1386,76,78,L,0,0.6875,5.5,9.0,0.7941176470588235,9.0,8.0,-0.10661764705882348,1.0,-3.5,83.7,81.61,2.0900000000000034,False
2016,M,1173,1393,51,70,L,0,0.78125,4.5,7.0,0.59375,5.0,10.0,0.1875,-3.0,-0.5,82.37,82.69,-0.3199999999999932,True
2016,M,1453,1401,65,92,L,0,0.6363636363636364,5.0,14.0,0.7647058823529411,10.0,3.0,-0.12834224598930477,11.0,-5.0,76.18,86.82,-10.639999999999986,False
2016,M,1333,1433,67,75,L,0,0.6,4.0,7.0,0.7058823529411765,10.0,10.0,-0.10588235294117654,-3.0,-6.0,77.63,83.05,-5.420000000000002,True
2016,M,1421,1437,56,86,L,0,0.6451612903225806,7.0,15.0,0.8529411764705882,14.0,2.0,-0.20777988614800758,13.0,-7.0,74.17,91.29,-17.120000000000005,False
2016,M,1338,1458,43,47,L,0,0.6451612903225806,5.0,10.0,0.625,5.5,7.0,0.020161290322580627,3.0,-0.5,82.29,84.75,-2.4599999999999937,False
2016,M,1451,1462,53,71,L,0,0.7419354838709677,5.0,15.0,0.84375,10.0,2.0,-0.10181451612903225,13.0,-5.0,73.28,87.73,-14.450000000000003,False
2016,M,1463,1181,64,71,L,0,0.7777777777777778,13.0,12.0,0.696969696969697,8.0,4.0,0.08080808080808077,8.0,5.0,80.2,87.33,-7.1299999999999955,False
2016,M,1428,1211,59,82,L,0,0.7575757575757576,6.0,3.0,0.78125,9.5,11.0,-0.02367424242424243,-8.0,-3.5,86.64,85.96,0.6800000000000068,True
2016,M,1246,1231,67,73,L,0,0.7647058823529411,13.5,4.0,0.78125,10.0,5.0,-0.016544117647058876,-1.0,3.5,90.69,87.36,3.3299999999999983,True
2016,M,1114,1235,61,78,L,0,0.8709677419354839,8.0,12.0,0.65625,6.5,4.0,0.21471774193548387,8.0,1.5,78.9,86.5,-7.599999999999994,False
2016,M,1163,1242,61,73,L,0,0.7058823529411765,8.5,9.0,0.8787878787878788,10.0,1.0,-0.17290552584670227,8.0,-1.5,85.32,94.46,-9.14,False
2016,M,1455,1274,57,65,L,0,0.7419354838709677,17.0,11.0,0.78125,10.5,3.0,-0.03931451612903225,8.0,6.5,86.59,87.05,-0.45999999999999375,False
2016,M,1344,1314,66,85,L,0,0.696969696969697,4.0,9.0,0.8235294117647058,11.5,1.0,-0.12655971479500883,8.0,-7.5,82.48,93.94,-11.459999999999994,False
2016,M,1139,1438,69,77,L,0,0.6774193548387096,6.0,9.0,0.7878787878787878,11.0,1.0,-0.11045943304007821,8.0,-5.0,84.17,92.46,-8.289999999999992,False
2016,M,1218,1268,60,73,L,0,0.8333333333333334,11.0,13.0,0.75,6.5,5.0,0.08333333333333337,8.0,4.5,78.02,87.37,-9.350000000000009,False
2016,M,1372,1323,75,76,L,0,0.8214285714285714,20.5,14.0,0.65625,5.0,6.0,0.1651785714285714,8.0,15.5,80.98,84.36,-3.3799999999999955,False
2016,M,1433,1328,81,85,L,0,0.7058823529411765,10.0,10.0,0.78125,7.0,2.0,-0.07536764705882348,8.0,3.0,83.05,89.96,-6.909999999999997,False
2016,M,1386,1332,64,69,L,0,0.7941176470588235,9.0,8.0,0.8181818181818182,10.0,1.0,-0.02406417112299475,7.0,-1.0,81.61,88.0,-6.390000000000001,False
2016,M,1292,1393,50,75,L,0,0.7096774193548387,3.0,15.0,0.59375,5.0,10.0,0.11592741935483875,5.0,-2.0,75.02,82.69,-7.670000000000002,False
2016,M,1320,1401,88,92,L,0,0.6363636363636364,3.0,11.0,0.7647058823529411,10.0,3.0,-0.12834224598930477,8.0,-7.0,80.24,86.82,-6.579999999999998,False
2016,M,1234,1437,68,87,L,0,0.6774193548387096,11.0,7.0,0.8529411764705882,14.0,2.0,-0.17552182163187857,5.0,-3.0,85.91,91.29,-5.38000000000001,False
2016,M,1462,1458,63,66,L,0,0.84375,10.0,2.0,0.625,5.5,7.0,0.21875,-5.0,4.5,87.73,84.75,2.980000000000004,True
2016,M,1268,1242,63,79,L,0,0.75,6.5,5.0,0.8787878787878788,10.0,1.0,-0.12878787878787878,4.0,-3.5,87.37,94.46,-7.089999999999989,False
2016,M,1401,1328,63,77,L,0,0.7647058823529411,10.0,3.0,0.78125,7.0,2.0,-0.016544117647058876,1.0,3.0,86.82,89.96,-3.1400000000000006,False
2016,M,1181,1332,68,82,L,0,0.696969696969697,8.0,4.0,0.8181818181818182,10.0,1.0,-0.12121212121212122,3.0,-2.0,87.33,88.0,-0.6700000000000017,False
2016,M,1274,1437,69,92,L,0,0.78125,10.5,3.0,0.8529411764705882,14.0,2.0,-0.0716911764705882,1.0,-3.5,87.05,91.29,-4.240000000000009,False
2016,M,1231,1314,86,101,L,0,0.78125,10.0,5.0,0.8235294117647058,11.5,1.0,-0.04227941176470584,4.0,-1.5,87.36,93.94,-6.579999999999998,False
2016,M,1458,1323,56,61,L,0,0.625,5.5,7.0,0.65625,5.0,6.0,-0.03125,1.0,0.5,84.75,84.36,0.39000000000000057,False
2016,M,1211,1393,60,63,L,0,0.78125,9.5,11.0,0.59375,5.0,10.0,0.1875,1.0,4.5,85.96,82.69,3.269999999999996,False
2016,M,1235,1438,71,84,L,0,0.65625,6.5,4.0,0.7878787878787878,11.0,1.0,-0.13162878787878785,3.0,-4.5,86.5,92.46,-5.959999999999994,False
2016,M,1332,1328,68,80,L,0,0.8181818181818182,10.0,1.0,0.78125,7.0,2.0,0.03693181818181823,-1.0,3.0,88.0,89.96,-1.9599999999999937,True
2016,M,1242,1437,59,64,L,0,0.8787878787878788,10.0,1.0,0.8529411764705882,14.0,2.0,0.025846702317290582,-1.0,-4.0,94.46,91.29,3.1699999999999875,True
2016,M,1323,1314,74,88,L,0,0.65625,5.0,6.0,0.8235294117647058,11.5,1.0,-0.16727941176470584,5.0,-6.5,84.36,93.94,-9.579999999999998,False
2016,M,1438,1393,62,68,L,0,0.7878787878787878,11.0,1.0,0.59375,5.0,10.0,0.19412878787878785,-9.0,6.0,92.46,82.69,9.769999999999996,True
2016,M,1393,1314,66,83,L,0,0.59375,5.0,10.0,0.8235294117647058,11.5,1.0,-0.22977941176470584,9.0,-6.5,82.69,93.94,-11.25,False
2016,M,1328,1437,51,95,L,0,0.78125,7.0,2.0,0.8529411764705882,14.0,2.0,-0.0716911764705882,0.0,-7.0,89.96,91.29,-1.3300000000000125,False
2016,M,1314,1437,74,77,L,0,0.8235294117647058,11.5,1.0,0.8529411764705882,14.0,2.0,-0.02941176470588236,-1.0,-2.5,93.94,91.29,2.6499999999999915,True
2017,M,1448,1243,88,95,L,0,0.59375,5.0,11.0,0.6060606060606061,3.0,11.0,-0.012310606060606077,0.0,2.0,82.96,83.08,-0.12000000000000455,False
2017,M,1309,1291,66,67,L,0,0.6071428571428571,5.0,16.0,0.5588235294117647,1.5,16.0,0.048319327731092376,0.0,3.5,69.24,69.78,-0.5400000000000063,True
2017,M,1300,1413,63,67,L,0,0.7333333333333333,8.0,16.0,0.625,3.5,16.0,0.10833333333333328,0.0,4.5,71.04,69.94,1.1000000000000085,True
2017,M,1344,1425,71,75,L,0,0.625,4.0,11.0,0.7272727272727273,7.0,11.0,-0.10227272727272729,0.0,-3.0,81.75,81.18,0.5699999999999932,False
2017,M,1315,1112,82,100,L,0,0.6785714285714286,5.0,15.0,0.8823529411764706,11.0,2.0,-0.20378151260504196,13.0,-6.0,72.33,88.99,-16.659999999999997,False
2017,M,1457,1139,64,76,L,0,0.8,8.0,13.0,0.7419354838709677,8.0,4.0,0.058064516129032295,9.0,0.0,75.53,86.52,-10.989999999999995,False
2017,M,1190,1196,65,80,L,0,0.78125,9.5,13.0,0.75,10.5,4.0,0.03125,9.0,-1.0,78.05,87.84,-9.790000000000006,False
2017,M,1195,1199,80,86,L,0,0.7666666666666667,5.5,14.0,0.7575757575757576,9.0,3.0,0.00909090909090915,11.0,-3.5,75.81,87.22,-11.409999999999997,False
2017,M,1355,1211,46,66,L,0,0.5,-0.5,16.0,0.9696969696969697,21.0,1.0,-0.4696969696969697,15.0,-21.5,72.79,93.71,-20.919999999999987,False
2017,M,1305,1235,73,84,L,0,0.8235294117647058,9.5,12.0,0.696969696969697,5.0,5.0,0.12655971479500883,7.0,4.5,80.73,87.92,-7.189999999999998,False
2017,M,1278,1292,72,81,L,0,0.7272727272727273,7.0,5.0,0.8787878787878788,11.0,12.0,-0.1515151515151515,-7.0,-4.0,81.23,81.28,-0.04999999999999716,True
2017,M,1435,1321,66,68,L,0,0.5588235294117647,2.0,9.0,0.6764705882352942,7.0,8.0,-0.11764705882352944,1.0,-5.0,83.79,82.6,1.190000000000012,False
2017,M,1343,1323,58,60,L,0,0.7857142857142857,8.5,12.0,0.7352941176470589,6.5,5.0,0.05042016806722682,7.0,2.0,80.0,86.68,-6.680000000000007,False
2017,M,1436,1345,70,80,L,0,0.8484848484848485,12.0,13.0,0.78125,11.0,4.0,0.06723484848484851,9.0,1.0,79.49,88.61,-9.120000000000005,False
2017,M,1433,1388,77,85,L,0,0.7647058823529411,8.0,10.0,0.875,14.5,7.0,-0.11029411764705888,3.0,-6.5,82.93,87.39,-4.459999999999994,False
2017,M,1291,1437,56,76,L,0,0.5588235294117647,1.5,16.0,0.9117647058823529,13.0,1.0,-0.3529411764705882,15.0,-11.5,69.78,95.18,-25.400000000000006,False
2017,M,1423,1438,71,76,L,0,0.84375,9.0,12.0,0.6875,11.5,5.0,0.15625,7.0,-2.5,80.19,90.02,-9.829999999999998,False
2017,M,1137,1452,80,86,L,0,0.7647058823529411,12.0,13.0,0.7647058823529411,11.5,4.0,0.0,9.0,0.5,77.93,90.8,-12.86999999999999,False
2017,M,1439,1458,74,84,L,0,0.6875,4.0,9.0,0.7352941176470589,10.5,8.0,-0.047794117647058876,1.0,-6.5,80.02,87.84,-7.820000000000007,False
2017,M,1268,1462,65,76,L,0,0.7419354838709677,6.0,6.0,0.6176470588235294,3.5,11.0,0.12428842504743831,-5.0,2.5,82.48,82.34,0.14000000000000057,True
2017,M,1371,1116,71,77,L,0,0.65625,3.0,9.0,0.7352941176470589,8.5,8.0,-0.07904411764705888,1.0,-5.5,82.95,83.19,-0.23999999999999488,False
2017,M,1308,1124,73,91,L,0,0.8333333333333334,10.5,14.0,0.7741935483870968,9.0,3.0,0.05913978494623662,11.0,1.5,75.6,87.66,-12.060000000000002,False
2017,M,1243,1153,61,75,L,0,0.6060606060606061,3.0,11.0,0.8529411764705882,13.5,6.0,-0.24688057040998213,5.0,-10.5,83.08,87.35,-4.269999999999996,False
2017,M,1407,1181,65,87,L,0,0.5882352941176471,3.0,15.0,0.7714285714285715,9.0,2.0,-0.18319327731092439,13.0,-6.0,73.28,92.26,-18.980000000000004,False
2017,M,1413,1242,62,100,L,0,0.625,3.5,16.0,0.875,8.5,1.0,-0.25,15.0,-5.0,69.94,92.18,-22.24000000000001,False
2017,M,1297,1246,70,79,L,0,0.6875,5.5,15.0,0.8529411764705882,10.5,2.0,-0.1654411764705882,13.0,-5.0,72.83,92.28,-19.450000000000003,False
2017,M,1240,1257,63,78,L,0,0.5625,2.0,15.0,0.75,8.0,2.0,-0.1875,13.0,-6.0,71.17,90.8,-19.629999999999995,False
2017,M,1329,1276,91,92,L,0,0.6129032258064516,4.0,10.0,0.6857142857142857,6.0,7.0,-0.0728110599078341,3.0,-2.0,84.71,86.86,-2.1500000000000057,False
2017,M,1274,1277,58,78,L,0,0.65625,6.0,8.0,0.5757575757575758,4.0,9.0,0.0804924242424242,-1.0,2.0,84.56,82.79,1.769999999999996,True
2017,M,1411,1314,64,103,L,0,0.6764705882352942,5.0,16.0,0.7878787878787878,13.0,1.0,-0.11140819964349369,15.0,-8.0,70.99,91.74,-20.75,False
2017,M,1233,1332,77,93,L,0,0.6470588235294118,7.0,14.0,0.8484848484848485,12.0,3.0,-0.2014260249554367,11.0,-5.0,75.49,87.3,-11.810000000000002,False
2017,M,1166,1348,72,84,L,0,0.7272727272727273,11.0,6.0,0.7272727272727273,9.0,11.0,0.0,-5.0,2.0,84.43,84.02,0.4100000000000108,True
2017,M,1266,1376,73,93,L,0,0.6129032258064516,8.0,10.0,0.6774193548387096,6.0,7.0,-0.06451612903225801,3.0,2.0,83.01,83.08,-0.06999999999999318,False
2017,M,1245,1417,80,97,L,0,0.6176470588235294,3.5,14.0,0.8787878787878788,14.0,3.0,-0.26114081996434935,11.0,-10.5,74.27,88.02,-13.75,False
2017,M,1374,1425,65,66,L,0,0.8823529411764706,15.0,6.0,0.7272727272727273,7.0,11.0,0.15508021390374327,-5.0,8.0,88.43,81.18,7.25,True
2017,M,1173,1455,58,64,L,0,0.7666666666666667,7.0,7.0,0.8787878787878788,19.0,10.0,-0.11212121212121207,-3.0,-12.0,82.84,88.86,-6.019999999999996,True
2017,M,1388,1112,60,69,L,0,0.875,14.5,7.0,0.8823529411764706,11.0,2.0,-0.007352941176470562,5.0,3.5,87.39,88.99,-1.5999999999999943,False
2017,M,1292,1139,65,74,L,0,0.8787878787878788,11.0,12.0,0.7419354838709677,8.0,4.0,0.13685239491691104,8.0,3.0,81.28,86.52,-5.239999999999995,False
2017,M,1438,1196,39,65,L,0,0.6875,11.5,5.0,0.75,10.5,4.0,-0.0625,1.0,1.0,90.02,87.84,2.1799999999999926,False
2017,M,1321,1211,73,79,L,0,0.6764705882352942,7.0,8.0,0.9696969696969697,21.0,1.0,-0.29322638146167557,7.0,-14.0,82.6,93.71,-11.11,False
2017,M,1235,1345,76,80,L,0,0.696969696969697,5.0,5.0,0.78125,11.0,4.0,-0.08428030303030298,1.0,-6.0,87.92,88.61,-0.6899999999999977,False
2017,M,1323,1452,71,83,L,0,0.7352941176470589,6.5,5.0,0.7647058823529411,11.5,4.0,-0.02941176470588225,1.0,-5.0,86.68,90.8,-4.11999999999999,False
2017,M,1437,1458,62,65,L,0,0.9117647058823529,13.0,1.0,0.7352941176470589,10.5,8.0,0.17647058823529405,-7.0,2.5,95.18,87.84,7.340000000000003,True
2017,M,1199,1462,66,91,L,0,0.7575757575757576,9.0,3.0,0.6176470588235294,3.5,11.0,0.13992869875222813,-8.0,5.5,87.22,82.34,4.8799999999999955,True
2017,M,1425,1124,78,82,L,0,0.7272727272727273,7.0,11.0,0.7741935483870968,9.0,3.0,-0.04692082111436946,8.0,-2.0,81.18,87.66,-6.47999999999999,False
2017,M,1277,1242,70,90,L,0,0.5757575757575758,4.0,9.0,0.875,8.5,1.0,-0.2992424242424242,8.0,-4.5,82.79,92.18,-9.39,False
2017,M,1455,1246,62,65,L,0,0.8787878787878788,19.0,10.0,0.8529411764705882,10.5,2.0,0.025846702317290582,8.0,8.5,88.86,92.28,-3.4200000000000017,False
2017,M,1257,1276,69,73,L,0,0.75,8.0,2.0,0.6857142857142857,6.0,7.0,0.06428571428571428,-5.0,2.0,90.8,86.86,3.9399999999999977,True
2017,M,1116,1314,65,72,L,0,0.7352941176470589,8.5,8.0,0.7878787878787878,13.0,1.0,-0.05258467023172897,7.0,-4.5,83.19,91.74,-8.549999999999997,False
2017,M,1348,1332,72,75,L,0,0.7272727272727273,9.0,11.0,0.8484848484848485,12.0,3.0,-0.12121212121212122,8.0,-3.0,84.02,87.3,-3.280000000000001,False
2017,M,1181,1376,81,88,L,0,0.7714285714285715,9.0,2.0,0.6774193548387096,6.0,7.0,0.09400921658986183,-5.0,3.0,92.26,83.08,9.180000000000007,True
2017,M,1153,1417,67,79,L,0,0.8529411764705882,13.5,6.0,0.8787878787878788,14.0,3.0,-0.025846702317290582,3.0,-0.5,87.35,88.02,-0.6700000000000017,False
2017,M,1452,1211,58,61,L,0,0.7647058823529411,11.5,4.0,0.9696969696969697,21.0,1.0,-0.2049910873440286,3.0,-9.5,90.8,93.71,-2.9099999999999966,False
2017,M,1345,1242,66,98,L,0,0.78125,11.0,4.0,0.875,8.5,1.0,-0.09375,3.0,2.5,88.61,92.18,-3.5700000000000074,False
2017,M,1276,1332,68,69,L,0,0.6857142857142857,6.0,7.0,0.8484848484848485,12.0,3.0,-0.1627705627705628,4.0,-6.0,86.86,87.3,-0.4399999999999977,False
2017,M,1112,1462,71,73,L,0,0.8823529411764706,11.0,2.0,0.6176470588235294,3.5,11.0,0.2647058823529411,-9.0,7.5,88.99,82.34,6.6499999999999915,True
2017,M,1458,1196,83,84,L,0,0.7352941176470589,10.5,8.0,0.75,10.5,4.0,-0.014705882352941124,4.0,0.0,87.84,87.84,0.0,False
2017,M,1417,1246,75,86,L,0,0.8787878787878788,14.0,3.0,0.8529411764705882,10.5,2.0,0.025846702317290582,1.0,3.5,88.02,92.28,-4.260000000000005,False
2017,M,1139,1314,80,92,L,0,0.7419354838709677,8.0,4.0,0.7878787878787878,13.0,1.0,-0.045943304007820096,3.0,-5.0,86.52,91.74,-5.219999999999999,False
2017,M,1124,1376,50,70,L,0,0.7741935483870968,9.0,3.0,0.6774193548387096,6.0,7.0,0.09677419354838712,-4.0,3.0,87.66,83.08,4.579999999999998,True
2017,M,1462,1211,59,83,L,0,0.6176470588235294,3.5,11.0,0.9696969696969697,21.0,1.0,-0.3520499108734403,10.0,-17.5,82.34,93.71,-11.36999999999999,False
2017,M,1242,1332,60,74,L,0,0.875,8.5,1.0,0.8484848484848485,12.0,3.0,0.02651515151515149,-2.0,-3.5,92.18,87.3,4.88000000000001,True
2017,M,1246,1314,73,75,L,0,0.8529411764705882,10.5,2.0,0.7878787878787878,13.0,1.0,0.06506238859180036,1.0,-2.5,92.28,91.74,0.5400000000000063,False
2017,M,1196,1376,70,77,L,0,0.75,10.5,4.0,0.6774193548387096,6.0,7.0,0.07258064516129037,-3.0,4.5,87.84,83.08,4.760000000000005,True
2017,M,1376,1211,73,77,L,0,0.6774193548387096,6.0,7.0,0.9696969696969697,21.0,1.0,-0.2922776148582601,6.0,-15.0,83.08,93.71,-10.629999999999995,False
2017,M,1332,1314,76,77,L,0,0.8484848484848485,12.0,3.0,0.7878787878787878,13.0,1.0,0.06060606060606066,2.0,-1.0,87.3,91.74,-4.439999999999998,False
2017,M,1211,1314,65,71,L,0,0.9696969696969697,21.0,1.0,0.7878787878787878,13.0,1.0,0.18181818181818188,0.0,8.0,93.71,91.74,1.9699999999999989,True
2018,M,1254,1347,61,71,L,0,0.5151515151515151,1.0,16.0,0.625,3.0,16.0,-0.10984848484848486,0.0,-2.0,67.64,70.89,-3.25,False
2018,M,1417,1382,58,65,L,0,0.65625,6.0,11.0,0.78125,6.0,11.0,-0.125,0.0,0.0,83.22,80.26,2.9599999999999937,False
2018,M,1113,1393,56,60,L,0,0.6451612903225806,8.0,11.0,0.6060606060606061,5.0,11.0,0.03910068426197455,0.0,3.0,81.26,81.86,-0.5999999999999943,True
2018,M,1300,1411,46,64,L,0,0.5161290322580645,1.0,16.0,0.4411764705882353,-1.5,16.0,0.07495256166982922,0.0,2.5,65.3,67.93,-2.6300000000000097,True
2018,M,1439,1104,83,86,L,0,0.65625,6.0,8.0,0.5588235294117647,1.0,9.0,0.09742647058823528,-1.0,5.0,83.43,82.2,1.230000000000004,True
2018,M,1112,1138,68,89,L,0,0.7941176470588235,9.0,4.0,0.7575757575757576,10.0,13.0,0.036541889483065915,-9.0,-1.0,87.86,79.07,8.790000000000006,True
2018,M,1233,1181,67,89,L,0,0.6060606060606061,4.0,15.0,0.7878787878787878,14.0,2.0,-0.18181818181818177,13.0,-10.0,74.79,92.59,-17.799999999999997,False
2018,M,1382,1196,62,77,L,0,0.78125,6.0,11.0,0.625,6.0,6.0,0.15625,5.0,0.0,80.26,86.43,-6.170000000000002,False
2018,M,1422,1211,64,68,L,0,0.7741935483870968,11.0,13.0,0.8823529411764706,14.5,4.0,-0.10815939278937381,9.0,-3.5,78.03,89.54,-11.510000000000005,False
2018,M,1361,1222,65,67,L,0,0.6774193548387096,9.0,11.0,0.7878787878787878,11.0,6.0,-0.11045943304007821,5.0,-2.0,81.72,86.21,-4.489999999999995,False
2018,M,1335,1242,60,76,L,0,0.7419354838709677,6.0,16.0,0.7941176470588235,6.5,1.0,-0.052182163187855735,15.0,-0.5,75.55,90.88,-15.329999999999998,False
2018,M,1172,1246,73,78,L,0,0.65625,10.5,12.0,0.7058823529411765,7.0,5.0,-0.049632352941176516,7.0,3.5,81.9,88.17,-6.269999999999996,False
2018,M,1274,1260,62,64,L,0,0.7096774193548387,5.0,6.0,0.84375,10.0,11.0,-0.13407258064516125,-5.0,-5.0,83.94,81.28,2.6599999999999966,True
2018,M,1285,1276,47,61,L,0,0.7741935483870968,9.0,14.0,0.7941176470588235,9.5,3.0,-0.01992409867172673,11.0,-0.5,76.79,88.54,-11.75,False
2018,M,1355,1326,73,81,L,0,0.8,9.0,12.0,0.75,10.5,5.0,0.050000000000000044,7.0,-1.5,78.07,85.59,-7.52000000000001,False
2018,M,1328,1348,78,83,L,0,0.5806451612903226,2.0,10.0,0.78125,8.0,7.0,-0.20060483870967738,3.0,-6.0,82.1,83.07,-0.9699999999999989,False
2018,M,1301,1371,83,94,L,0,0.65625,6.0,9.0,0.65625,6.5,8.0,0.0,1.0,-0.5,81.74,85.05,-3.3100000000000023,False
2018,M,1460,1397,47,73,L,0,0.71875,5.5,14.0,0.7575757575757576,7.0,3.0,-0.03882575757575757,11.0,-1.5,74.31,87.17,-12.86,False
2018,M,1372,1403,60,70,L,0,0.8,10.5,14.0,0.7272727272727273,10.0,3.0,0.07272727272727275,11.0,0.5,74.78,87.27,-12.489999999999995,False
2018,M,1347,1437,61,87,L,0,0.625,3.0,16.0,0.8823529411764706,16.0,1.0,-0.25735294117647056,15.0,-13.0,70.89,94.92,-24.03,False
2018,M,1158,1120,58,62,L,0,0.7741935483870968,7.0,13.0,0.78125,11.0,4.0,-0.007056451612903247,9.0,-4.0,76.44,84.04,-7.6000000000000085,False
2018,M,1116,1139,62,79,L,0,0.6764705882352942,4.5,7.0,0.6060606060606061,2.0,10.0,0.07040998217468808,-3.0,2.5,83.29,84.65,-1.3599999999999994,True
2018,M,1209,1153,53,68,L,0,0.6875,8.5,15.0,0.8823529411764706,17.0,2.0,-0.19485294117647056,13.0,-8.5,75.99,91.06,-15.070000000000007,False
2018,M,1308,1155,68,79,L,0,0.8333333333333334,11.5,12.0,0.71875,7.5,5.0,0.11458333333333337,7.0,4.0,79.79,84.15,-4.359999999999999,False
2018,M,1281,1199,54,67,L,0,0.6129032258064516,4.0,8.0,0.6451612903225806,9.0,9.0,-0.032258064516129004,-1.0,-5.0,78.49,83.61,-5.1200000000000045,True
2018,M,1166,1243,59,69,L,0,0.6451612903225806,7.0,8.0,0.6666666666666666,5.0,9.0,-0.021505376344086002,-1.0,2.0,83.4,81.48,1.9200000000000017,True
2018,M,1455,1267,75,81,L,0,0.78125,9.5,4.0,0.696969696969697,8.0,13.0,0.08428030303030298,-9.0,1.5,87.97,75.58,12.39,True
2018,M,1137,1277,78,82,L,0,0.7352941176470589,8.0,14.0,0.8787878787878788,15.0,3.0,-0.1434937611408199,11.0,-7.0,78.25,91.67,-13.420000000000002,False
2018,M,1400,1305,83,87,L,0,0.5757575757575758,1.0,10.0,0.7941176470588235,10.5,7.0,-0.21836007130124768,3.0,-9.5,82.9,81.82,1.0800000000000125,False
2018,M,1252,1314,66,84,L,0,0.6896551724137931,7.0,15.0,0.7142857142857143,8.0,2.0,-0.024630541871921152,13.0,-1.0,72.45,90.62,-18.17,False
2018,M,1168,1345,48,74,L,0,0.6206896551724138,3.0,15.0,0.8235294117647058,8.5,2.0,-0.20283975659229203,13.0,-5.5,71.88,91.08,-19.200000000000003,False
2018,M,1395,1393,52,57,L,0,0.65625,6.5,6.0,0.6060606060606061,5.0,11.0,0.05018939393939392,-5.0,1.5,84.84,81.86,2.980000000000004,True
2018,M,1344,1401,69,73,L,0,0.6176470588235294,3.5,10.0,0.625,4.0,7.0,-0.007352941176470562,3.0,-0.5,81.27,83.55,-2.280000000000001,False
2018,M,1438,1420,54,74,L,0,0.9393939393939394,12.0,1.0,0.6774193548387096,5.0,16.0,0.2619745845552298,-15.0,7.0,93.07,71.36,21.709999999999994,True
2018,M,1293,1452,68,85,L,0,0.8275862068965517,10.0,12.0,0.7058823529411765,7.5,5.0,0.1217038539553752,7.0,2.5,78.93,88.58,-9.649999999999991,False
2018,M,1411,1462,83,102,L,0,0.4411764705882353,-1.5,16.0,0.8484848484848485,9.0,1.0,-0.4073083778966132,15.0,-10.5,67.93,88.88,-20.94999999999999,False
2018,M,1348,1181,62,87,L,0,0.78125,8.0,7.0,0.7878787878787878,14.0,2.0,-0.006628787878787845,5.0,-6.0,83.07,92.59,-9.52000000000001,False
2018,M,1326,1211,84,90,L,0,0.75,10.5,5.0,0.8823529411764706,14.5,4.0,-0.13235294117647056,1.0,-4.0,85.59,89.54,-3.950000000000003,False
2018,M,1371,1242,79,83,L,0,0.65625,6.5,8.0,0.7941176470588235,6.5,1.0,-0.13786764705882348,7.0,0.0,85.05,90.88,-5.829999999999998,False
2018,M,1138,1246,75,95,L,0,0.7575757575757576,10.0,13.0,0.7058823529411765,7.0,5.0,0.05169340463458105,8.0,3.0,79.07,88.17,-9.100000000000009,False
2018,M,1397,1260,62,63,L,0,0.7575757575757576,7.0,3.0,0.84375,10.0,11.0,-0.08617424242424243,-8.0,-3.0,87.17,81.28,5.890000000000001,True
2018,M,1222,1276,63,64,L,0,0.7878787878787878,11.0,6.0,0.7941176470588235,9.5,3.0,-0.0062388591800356386,3.0,1.5,86.21,88.54,-2.3300000000000125,False
2018,M,1196,1403,66,69,L,0,0.625,6.0,6.0,0.7272727272727273,10.0,3.0,-0.10227272727272729,3.0,-4.0,86.43,87.27,-0.8399999999999892,False
2018,M,1104,1437,58,81,L,0,0.5588235294117647,1.0,9.0,0.8823529411764706,16.0,1.0,-0.32352941176470584,8.0,-15.0,82.2,94.92,-12.719999999999999,False
2018,M,1120,1155,53,84,L,0,0.78125,11.0,4.0,0.71875,7.5,5.0,0.0625,-1.0,3.5,84.04,84.15,-0.10999999999999943,True
2018,M,1462,1199,70,75,L,0,0.8484848484848485,9.0,1.0,0.6451612903225806,9.0,9.0,0.20332355816226788,-8.0,0.0,88.88,83.61,5.269999999999996,True
2018,M,1420,1243,43,50,L,0,0.6774193548387096,5.0,16.0,0.6666666666666666,5.0,9.0,0.010752688172043001,7.0,0.0,71.36,81.48,-10.120000000000005,False
2018,M,1153,1305,73,75,L,0,0.8823529411764706,17.0,2.0,0.7941176470588235,10.5,7.0,0.08823529411764708,-5.0,6.5,91.06,81.82,9.240000000000009,True
2018,M,1139,1345,73,76,L,0,0.6060606060606061,2.0,10.0,0.8235294117647058,8.5,2.0,-0.21746880570409977,8.0,-6.5,84.65,91.08,-6.429999999999993,False
2018,M,1277,1393,53,55,L,0,0.8787878787878788,15.0,3.0,0.6060606060606061,5.0,11.0,0.2727272727272727,-8.0,10.0,91.67,81.86,9.810000000000002,True
2018,M,1314,1401,65,86,L,0,0.7142857142857143,8.0,2.0,0.625,4.0,7.0,0.0892857142857143,-5.0,4.0,90.62,83.55,7.070000000000007,True
2018,M,1267,1452,71,94,L,0,0.696969696969697,8.0,13.0,0.7058823529411765,7.5,5.0,-0.0089126559714795,8.0,0.5,75.58,88.58,-13.0,False
2018,M,1211,1199,60,75,L,0,0.8823529411764706,14.5,4.0,0.6451612903225806,9.0,9.0,0.23719165085388993,-5.0,5.5,89.54,83.61,5.930000000000007,True
2018,M,1246,1243,58,61,L,0,0.7058823529411765,7.0,5.0,0.6666666666666666,5.0,9.0,0.03921568627450989,-4.0,2.0,88.17,81.48,6.689999999999998,True
2018,M,1305,1260,68,69,L,0,0.7941176470588235,10.5,7.0,0.84375,10.0,11.0,-0.049632352941176516,-4.0,0.5,81.82,81.28,0.539999999999992,True
2018,M,1401,1276,72,99,L,0,0.625,4.0,7.0,0.7941176470588235,9.5,3.0,-0.16911764705882348,4.0,-5.5,83.55,88.54,-4.990000000000009,False
2018,M,1393,1181,65,69,L,0,0.6060606060606061,5.0,11.0,0.7878787878787878,14.0,2.0,-0.18181818181818177,9.0,-9.0,81.86,92.59,-10.730000000000004,False
2018,M,1155,1242,76,80,L,0,0.71875,7.5,5.0,0.7941176470588235,6.5,1.0,-0.07536764705882348,4.0,1.0,84.15,90.88,-6.72999999999999,False
2018,M,1345,1403,65,78,L,0,0.8235294117647058,8.5,2.0,0.7272727272727273,10.0,3.0,0.09625668449197855,-1.0,-1.5,91.08,87.27,3.8100000000000023,True
2018,M,1452,1437,78,90,L,0,0.7058823529411765,7.5,5.0,0.8823529411764706,16.0,1.0,-0.17647058823529405,4.0,-8.5,88.58,94.92,-6.340000000000003,False
2018,M,1243,1260,62,78,L,0,0.6666666666666666,5.0,9.0,0.84375,10.0,11.0,-0.17708333333333337,-2.0,-5.0,81.48,81.28,0.20000000000000284,True
2018,M,1199,1276,54,58,L,0,0.6451612903225806,9.0,9.0,0.7941176470588235,9.5,3.0,-0.14895635673624286,6.0,-0.5,83.61,88.54,-4.930000000000007,False
2018,M,1181,1242,81,85,L,0,0.7878787878787878,14.0,2.0,0.7941176470588235,6.5,1.0,-0.0062388591800356386,1.0,7.5,92.59,90.88,1.710000000000008,False
2018,M,1403,1437,59,71,L,0,0.7272727272727273,10.0,3.0,0.8823529411764706,16.0,1.0,-0.15508021390374327,2.0,-6.0,87.27,94.92,-7.650000000000006,False
2018,M,1260,1276,57,69,L,0,0.84375,10.0,11.0,0.7941176470588235,9.5,3.0,0.049632352941176516,8.0,0.5,81.28,88.54,-7.260000000000005,False
2018,M,1242,1437,79,95,L,0,0.7941176470588235,6.5,1.0,0.8823529411764706,16.0,1.0,-0.08823529411764708,0.0,-9.5,90.88,94.92,-4.040000000000006,False
2018,M,1276,1437,62,79,L,0,0.7941176470588235,9.5,3.0,0.8823529411764706,16.0,1.0,-0.08823529411764708,2.0,-6.5,88.54,94.92,-6.3799999999999955,False
2019,M,1396,1125,70,81,L,0,0.71875,4.0,11.0,0.8333333333333334,12.5,11.0,-0.11458333333333337,0.0,-8.5,79.39,81.74,-2.3499999999999943,False
2019,M,1341,1192,76,82,L,0,0.6363636363636364,5.0,16.0,0.5806451612903226,3.0,16.0,0.055718475073313734,0.0,2.0,69.57,70.86,-1.2900000000000063,True
2019,M,1385,1113,65,74,L,0,0.6363636363636364,3.0,11.0,0.6875,6.0,11.0,-0.051136363636363646,0.0,-3.0,78.84,81.94,-3.0999999999999943,False
2019,M,1300,1295,74,78,L,0,0.5,-1.0,16.0,0.5161290322580645,2.0,16.0,-0.016129032258064502,0.0,-3.0,65.48,70.79,-5.310000000000002,False
2019,M,1308,1120,77,78,L,0,0.875,8.0,12.0,0.7352941176470589,9.0,5.0,0.13970588235294112,7.0,-1.0,80.91,89.02,-8.11,False
2019,M,1393,1124,69,78,L,0,0.6060606060606061,8.0,8.0,0.59375,4.0,9.0,0.012310606060606077,-1.0,4.0,83.92,80.76,3.1599999999999966,True
2019,M,1305,1196,61,70,L,0,0.8787878787878788,15.0,7.0,0.5588235294117647,4.0,10.0,0.31996434937611407,-3.0,11.0,86.11,83.95,2.1599999999999966,True
2019,M,1436,1199,69,76,L,0,0.8125,9.0,13.0,0.7941176470588235,9.0,4.0,0.018382352941176516,9.0,0.0,79.29,88.44,-9.149999999999991,False
2019,M,1192,1211,49,87,L,0,0.5806451612903226,3.0,16.0,0.9090909090909091,23.0,1.0,-0.32844574780058644,15.0,-20.0,70.86,95.02,-24.159999999999997,False
2019,M,1318,1242,53,87,L,0,0.696969696969697,10.0,13.0,0.7352941176470589,5.5,4.0,-0.03832442067736186,9.0,4.5,78.58,86.3,-7.719999999999999,False
2019,M,1101,1246,44,79,L,0,0.7931034482758621,9.0,15.0,0.8181818181818182,11.0,2.0,-0.025078369905956133,13.0,-2.0,72.33,91.24,-18.909999999999997,False
2019,M,1463,1261,74,79,L,0,0.75,8.0,14.0,0.8125,6.0,3.0,-0.0625,11.0,2.0,77.11,86.37,-9.260000000000005,False
2019,M,1125,1268,77,79,L,0,0.8333333333333334,12.5,11.0,0.6875,8.0,6.0,0.14583333333333337,5.0,4.5,81.74,84.82,-3.0799999999999983,False
2019,M,1285,1276,55,74,L,0,0.75,6.5,15.0,0.8235294117647058,13.0,2.0,-0.07352941176470584,13.0,-6.5,76.17,91.04,-14.870000000000005,False
2019,M,1133,1277,65,76,L,0,0.5757575757575758,3.0,15.0,0.8235294117647058,12.0,2.0,-0.24777183600713004,13.0,-9.0,72.91,92.28,-19.370000000000005,False
2019,M,1257,1278,76,86,L,0,0.6060606060606061,5.0,7.0,0.6176470588235294,4.5,10.0,-0.01158645276292336,-3.0,0.5,85.9,80.84,5.060000000000002,True
2019,M,1266,1293,64,83,L,0,0.7272727272727273,7.0,5.0,0.8620689655172413,12.0,12.0,-0.13479623824451403,-7.0,-5.0,84.41,81.29,3.1199999999999903,True
2019,M,1330,1345,48,61,L,0,0.7647058823529411,4.5,14.0,0.71875,10.0,3.0,0.045955882352941124,11.0,-5.5,76.98,89.04,-12.060000000000002,False
2019,M,1388,1437,57,61,L,0,0.6666666666666666,12.0,11.0,0.7352941176470589,7.0,6.0,-0.06862745098039225,5.0,5.0,83.58,86.96,-3.3799999999999955,False
2019,M,1371,1459,68,84,L,0,0.6060606060606061,2.0,10.0,0.8666666666666667,11.5,7.0,-0.2606060606060606,3.0,-9.5,82.2,84.38,-2.1799999999999926,False
2019,M,1113,1138,74,91,L,0,0.6875,6.0,11.0,0.9090909090909091,12.0,6.0,-0.22159090909090906,5.0,-6.0,81.94,85.74,-3.799999999999997,False
2019,M,1295,1181,62,85,L,0,0.5161290322580645,2.0,16.0,0.8529411764705882,14.0,1.0,-0.3368121442125237,15.0,-12.0,70.79,96.3,-25.50999999999999,False
2019,M,1209,1222,55,84,L,0,0.71875,5.0,14.0,0.9117647058823529,11.0,3.0,-0.19301470588235292,11.0,-6.0,76.3,87.89,-11.590000000000003,False
2019,M,1153,1234,72,79,L,0,0.8235294117647058,6.5,7.0,0.6666666666666666,6.0,10.0,0.1568627450980392,-3.0,0.5,85.44,82.36,3.0799999999999983,True
2019,M,1280,1251,76,80,L,0,0.696969696969697,8.0,5.0,0.8064516129032258,10.0,12.0,-0.10948191593352874,-7.0,-2.0,85.11,78.02,7.090000000000003,True
2019,M,1233,1314,73,88,L,0,0.53125,2.5,16.0,0.8181818181818182,13.0,1.0,-0.28693181818181823,15.0,-10.5,71.88,93.24,-21.36,False
2019,M,1235,1326,59,62,L,0,0.6764705882352942,10.5,6.0,0.5757575757575758,4.0,11.0,0.10071301247771836,-5.0,6.5,86.12,82.59,3.530000000000001,True
2019,M,1279,1328,72,95,L,0,0.625,5.0,8.0,0.59375,5.0,9.0,0.03125,-1.0,0.0,81.64,83.01,-1.3700000000000045,True
2019,M,1458,1332,54,72,L,0,0.696969696969697,6.0,5.0,0.6571428571428571,10.0,12.0,0.03982683982683988,-7.0,-4.0,86.54,82.64,3.9000000000000057,True
2019,M,1159,1397,70,77,L,0,0.696969696969697,6.0,15.0,0.8484848484848485,12.0,2.0,-0.1515151515151515,13.0,-6.0,74.95,91.34,-16.39,False
2019,M,1297,1403,57,72,L,0,0.75,6.5,14.0,0.8125,15.0,3.0,-0.0625,11.0,-8.5,77.27,89.65,-12.38000000000001,False
2019,M,1243,1414,64,70,L,0,0.7575757575757576,8.0,4.0,0.8529411764705882,9.0,13.0,-0.09536541889483063,-9.0,-1.0,86.65,78.36,8.290000000000006,True
2019,M,1433,1416,58,73,L,0,0.78125,8.0,8.0,0.7419354838709677,7.0,9.0,0.03931451612903225,-1.0,1.0,81.7,81.72,-0.01999999999999602,True
2019,M,1205,1438,56,71,L,0,0.6451612903225806,4.0,16.0,0.90625,18.0,1.0,-0.2610887096774194,15.0,-14.0,71.74,95.22,-23.480000000000004,False
2019,M,1387,1439,52,66,L,0,0.6571428571428571,4.0,13.0,0.75,11.5,4.0,-0.09285714285714286,9.0,-7.5,77.01,89.26,-12.25,False
2019,M,1429,1449,61,78,L,0,0.8181818181818182,16.0,8.0,0.7647058823529411,6.0,9.0,0.05347593582887711,-1.0,10.0,82.26,82.55,-0.28999999999999204,True
2019,M,1242,1120,75,89,L,0,0.7352941176470589,5.5,4.0,0.7352941176470589,9.0,5.0,0.0,-1.0,-3.5,86.3,89.02,-2.719999999999999,True
2019,M,1293,1199,62,90,L,0,0.8620689655172413,12.0,12.0,0.7941176470588235,9.0,4.0,0.06795131845841784,8.0,3.0,81.29,88.44,-7.1499999999999915,False
2019,M,1124,1211,71,83,L,0,0.59375,4.0,9.0,0.9090909090909091,23.0,1.0,-0.31534090909090906,8.0,-19.0,80.76,95.02,-14.259999999999991,False
2019,M,1459,1246,56,62,L,0,0.8666666666666667,11.5,7.0,0.8181818181818182,11.0,2.0,0.048484848484848464,5.0,0.5,84.38,91.24,-6.859999999999999,False
2019,M,1268,1261,67,69,L,0,0.6875,8.0,6.0,0.8125,6.0,3.0,-0.125,3.0,2.0,84.82,86.37,-1.5500000000000114,False
2019,M,1196,1276,49,64,L,0,0.5588235294117647,4.0,10.0,0.8235294117647058,13.0,2.0,-0.2647058823529411,8.0,-9.0,83.95,91.04,-7.090000000000003,False
2019,M,1278,1277,50,70,L,0,0.6176470588235294,4.5,10.0,0.8235294117647058,12.0,2.0,-0.2058823529411764,8.0,-7.5,80.84,92.28,-11.439999999999998,False
2019,M,1437,1345,61,87,L,0,0.7352941176470589,7.0,6.0,0.71875,10.0,3.0,0.016544117647058876,3.0,-3.0,86.96,89.04,-2.0800000000000125,False
2019,M,1416,1181,76,77,L,0,0.7419354838709677,7.0,9.0,0.8529411764705882,14.0,1.0,-0.11100569259962045,8.0,-7.0,81.72,96.3,-14.579999999999998,False
2019,M,1326,1222,59,74,L,0,0.5757575757575758,4.0,11.0,0.9117647058823529,11.0,3.0,-0.3360071301247771,8.0,-7.0,82.59,87.89,-5.299999999999997,False
2019,M,1449,1314,59,81,L,0,0.7647058823529411,6.0,9.0,0.8181818181818182,13.0,1.0,-0.05347593582887711,8.0,-7.0,82.55,93.24,-10.689999999999998,False
2019,M,1414,1332,54,73,L,0,0.8529411764705882,9.0,13.0,0.6571428571428571,10.0,12.0,0.19579831932773106,1.0,-1.0,78.36,82.64,-4.280000000000001,False
2019,M,1234,1397,77,83,L,0,0.6666666666666666,6.0,10.0,0.8484848484848485,12.0,2.0,-0.18181818181818188,8.0,-6.0,82.36,91.34,-8.980000000000004,False
2019,M,1138,1403,58,78,L,0,0.9090909090909091,12.0,6.0,0.8125,15.0,3.0,0.09659090909090906,3.0,-3.0,85.74,89.65,-3.910000000000011,False
2019,M,1328,1438,51,63,L,0,0.59375,5.0,9.0,0.90625,18.0,1.0,-0.3125,8.0,-13.0,83.01,95.22,-12.209999999999994,False
2019,M,1251,1439,58,67,L,0,0.8064516129032258,10.0,12.0,0.75,11.5,4.0,0.056451612903225756,8.0,-1.5,78.02,89.26,-11.240000000000009,False
2019,M,1199,1211,58,72,L,0,0.7941176470588235,9.0,4.0,0.9090909090909091,23.0,1.0,-0.11497326203208558,3.0,-14.0,88.44,95.02,-6.579999999999998,False
2019,M,1397,1345,94,99,L,0,0.8484848484848485,12.0,2.0,0.71875,10.0,3.0,0.1297348484848485,-1.0,2.0,91.34,89.04,2.299999999999997,True
2019,M,1276,1403,44,63,L,0,0.8235294117647058,13.0,2.0,0.8125,15.0,3.0,0.011029411764705843,-1.0,-2.0,91.04,89.65,1.3900000000000006,True
2019,M,1332,1438,49,53,L,0,0.6571428571428571,10.0,12.0,0.90625,18.0,1.0,-0.24910714285714286,11.0,-8.0,82.64,95.22,-12.579999999999998,False
2019,M,1314,1120,80,97,L,0,0.8181818181818182,13.0,1.0,0.7352941176470589,9.0,5.0,0.08288770053475936,-4.0,4.0,93.24,89.02,4.219999999999999,True
2019,M,1439,1181,73,75,L,0,0.75,11.5,4.0,0.8529411764705882,14.0,1.0,-0.1029411764705882,3.0,-2.5,89.26,96.3,-7.039999999999992,False
2019,M,1222,1246,58,62,L,0,0.9117647058823529,11.0,3.0,0.8181818181818182,11.0,2.0,0.09358288770053469,1.0,0.0,87.89,91.24,-3.3499999999999943,False
2019,M,1261,1277,63,80,L,0,0.8125,6.0,3.0,0.8235294117647058,12.0,2.0,-0.011029411764705843,1.0,-6.0,86.37,92.28,-5.909999999999997,False
2019,M,1211,1403,69,75,L,0,0.9090909090909091,23.0,1.0,0.8125,15.0,3.0,0.09659090909090906,-2.0,8.0,95.02,89.65,5.36999999999999,True
2019,M,1345,1438,75,80,L,0,0.71875,10.0,3.0,0.90625,18.0,1.0,-0.1875,2.0,-8.0,89.04,95.22,-6.179999999999993,False
2019,M,1246,1120,71,77,L,0,0.8181818181818182,11.0,2.0,0.7352941176470589,9.0,5.0,0.08288770053475936,-3.0,2.0,91.24,89.02,2.219999999999999,True
2019,M,1181,1277,67,68,L,0,0.8529411764705882,14.0,1.0,0.8235294117647058,12.0,2.0,0.02941176470588236,-1.0,2.0,96.3,92.28,4.019999999999996,True
2019,M,1277,1403,51,61,L,0,0.8235294117647058,12.0,2.0,0.8125,15.0,3.0,0.011029411764705843,-1.0,-3.0,92.28,89.65,2.6299999999999955,True
2019,M,1120,1438,62,63,L,0,0.7352941176470589,9.0,5.0,0.90625,18.0,1.0,-0.17095588235294112,4.0,-9.0,89.02,95.22,-6.200000000000003,False
2019,M,1403,1438,77,85,L,0,0.8125,15.0,3.0,0.90625,18.0,1.0,-0.09375,2.0,-3.0,89.65,95.22,-5.569999999999993,False
2021,M,1455,1179,52,53,L,0,0.7368421052631579,4.0,11.0,0.8518518518518519,10.0,11.0,-0.115009746588694,0.0,-6.0,79.89,77.57,2.3200000000000074,False
2021,M,1111,1313,53,54,L,0,0.5416666666666666,3.0,16.0,0.6666666666666666,4.0,16.0,-0.125,0.0,-1.0,70.28,68.29,1.9899999999999949,False
2021,M,1291,1411,52,60,L,0,0.5454545454545454,5.5,16.0,0.6521739130434783,2.0,16.0,-0.10671936758893286,0.0,3.5,68.91,68.79,0.11999999999999034,False
2021,M,1277,1417,80,86,L,0,0.5555555555555556,4.0,11.0,0.6538461538461539,3.5,11.0,-0.09829059829059827,0.0,0.5,82.87,81.89,0.980000000000004,False
2021,M,1159,1116,68,85,L,0,0.9333333333333333,11.0,14.0,0.7857142857142857,11.5,3.0,0.14761904761904765,11.0,-0.5,79.74,86.26,-6.52000000000001,False
2021,M,1216,1124,55,79,L,0,0.6521739130434783,5.0,16.0,0.9166666666666666,14.5,1.0,-0.26449275362318836,15.0,-9.5,70.93,93.63,-22.69999999999999,False
2021,M,1439,1196,70,75,L,0,0.7142857142857143,7.0,10.0,0.6086956521739131,5.0,7.0,0.10559006211180122,3.0,2.0,81.2,83.03,-1.8299999999999983,False
2021,M,1156,1222,56,87,L,0,0.7307692307692307,5.0,15.0,0.8846153846153846,17.0,2.0,-0.15384615384615385,13.0,-12.0,71.8,90.22,-18.42,False
2021,M,1180,1228,49,78,L,0,0.631578947368421,5.0,16.0,0.7931034482758621,8.0,1.0,-0.16152450090744108,15.0,-3.0,72.43,94.02,-21.58999999999999,False
2021,M,1210,1260,60,71,L,0,0.68,5.0,9.0,0.8461538461538461,12.0,8.0,-0.1661538461538461,1.0,-7.0,83.89,85.08,-1.1899999999999977,False
2021,M,1345,1317,69,78,L,0,0.6666666666666666,5.0,4.0,0.64,6.0,13.0,0.026666666666666616,-9.0,-1.0,86.46,78.37,8.08999999999999,True
2021,M,1251,1329,60,69,L,0,0.7916666666666666,11.5,13.0,0.7142857142857143,5.0,4.0,0.07738095238095233,9.0,6.5,76.98,84.88,-7.8999999999999915,False
2021,M,1326,1331,72,75,L,0,0.7,6.0,2.0,0.5652173913043478,2.0,15.0,0.13478260869565217,-13.0,4.0,89.39,73.26,16.129999999999995,True
2021,M,1397,1333,56,70,L,0,0.6923076923076923,10.0,5.0,0.5714285714285714,2.0,12.0,0.1208791208791209,-7.0,8.0,85.78,79.69,6.090000000000003,True
2021,M,1155,1353,56,60,L,0,0.6956521739130435,8.0,7.0,0.5769230769230769,4.0,10.0,0.11872909698996659,-3.0,4.0,82.36,84.12,-1.7600000000000051,True
2021,M,1361,1393,62,78,L,0,0.8461538461538461,12.0,6.0,0.64,5.0,11.0,0.20615384615384613,-5.0,7.0,85.59,83.03,2.5600000000000023,True
2021,M,1429,1403,53,65,L,0,0.7037037037037037,12.0,11.0,0.6296296296296297,5.0,6.0,0.07407407407407407,5.0,7.0,82.37,86.43,-4.060000000000002,False
2021,M,1457,1437,63,73,L,0,0.9583333333333334,11.5,12.0,0.7272727272727273,9.0,5.0,0.23106060606060608,7.0,2.5,78.41,84.74,-6.329999999999998,False
2021,M,1287,1452,67,84,L,0,0.75,7.5,14.0,0.6666666666666666,5.0,3.0,0.08333333333333337,11.0,2.5,73.72,86.61,-12.89,False
2021,M,1314,1458,62,85,L,0,0.6428571428571429,5.0,8.0,0.5862068965517241,6.0,9.0,0.05665024630541882,-1.0,-1.0,86.09,87.32,-1.2299999999999898,True
2021,M,1400,1101,52,53,L,0,0.7307692307692307,3.0,3.0,0.8260869565217391,15.0,14.0,-0.09531772575250841,-11.0,-12.0,86.74,77.04,9.699999999999989,True
2021,M,1233,1104,55,68,L,0,0.7058823529411765,8.0,15.0,0.8,9.0,2.0,-0.09411764705882353,13.0,-1.0,71.81,88.93,-17.120000000000005,False
2021,M,1207,1160,73,96,L,0,0.52,1.0,12.0,0.7333333333333333,9.5,5.0,-0.21333333333333326,7.0,-8.5,81.32,86.02,-4.700000000000003,False
2021,M,1364,1166,62,63,L,0,0.8333333333333334,11.5,12.0,0.7142857142857143,6.0,5.0,0.11904761904761907,7.0,5.5,78.4,87.0,-8.599999999999994,False
2021,M,1422,1199,54,64,L,0,0.7241379310344828,8.0,13.0,0.7272727272727273,9.5,4.0,-0.0031347962382445305,9.0,-1.5,77.74,86.75,-9.010000000000005,False
2021,M,1313,1211,55,98,L,0,0.6666666666666666,4.0,16.0,1.0,22.5,1.0,-0.33333333333333337,15.0,-18.5,68.29,96.51,-28.22,False
2021,M,1213,1234,74,86,L,0,0.7,10.0,15.0,0.7241379310344828,13.0,2.0,-0.024137931034482807,13.0,-3.0,74.71,90.82,-16.11,False
2021,M,1186,1242,84,93,L,0,0.6818181818181818,11.0,14.0,0.7037037037037037,5.0,3.0,-0.021885521885521952,11.0,6.0,76.07,87.39,-11.320000000000007,False
2021,M,1382,1261,61,76,L,0,0.8,10.0,9.0,0.6666666666666666,6.0,8.0,0.13333333333333341,1.0,4.0,82.86,85.16,-2.299999999999997,False
2021,M,1163,1268,54,63,L,0,0.6818181818181818,11.0,7.0,0.5357142857142857,2.0,10.0,0.14610389610389607,-3.0,9.0,85.25,84.35,0.9000000000000057,True
2021,M,1411,1276,66,82,L,0,0.6521739130434783,2.0,16.0,0.8333333333333334,13.5,1.0,-0.1811594202898551,15.0,-11.5,68.79,89.56,-20.769999999999996,False
2021,M,1438,1325,58,62,L,0,0.75,8.5,4.0,0.6818181818181818,9.0,13.0,0.06818181818181823,-9.0,-0.5,88.06,77.51,10.549999999999997,True
2021,M,1281,1328,68,72,L,0,0.64,3.0,9.0,0.6,4.0,8.0,0.040000000000000036,1.0,-1.0,81.84,83.41,-1.5699999999999932,False
2021,M,1140,1417,62,73,L,0,0.76,9.0,6.0,0.6538461538461539,3.5,11.0,0.10615384615384615,-5.0,5.5,84.52,81.89,2.6299999999999955,True
2021,M,1179,1425,56,72,L,0,0.8518518518518519,10.0,11.0,0.7586206896551724,9.0,6.0,0.09323116219667948,5.0,1.0,77.57,85.76,-8.190000000000012,False
2021,M,1403,1116,66,68,L,0,0.6296296296296297,5.0,6.0,0.7857142857142857,11.5,3.0,-0.15608465608465605,3.0,-6.5,86.43,86.26,0.1700000000000017,False
2021,M,1458,1124,63,76,L,0,0.5862068965517241,6.0,9.0,0.9166666666666666,14.5,1.0,-0.33045977011494254,8.0,-8.5,87.32,93.63,-6.310000000000002,False
2021,M,1353,1222,60,63,L,0,0.5769230769230769,4.0,10.0,0.8846153846153846,17.0,2.0,-0.3076923076923077,8.0,-13.0,84.12,90.22,-6.099999999999994,False
2021,M,1228,1260,58,71,L,0,0.7931034482758621,8.0,1.0,0.8461538461538461,12.0,8.0,-0.053050397877984046,-7.0,-4.0,94.02,85.08,8.939999999999998,True
2021,M,1196,1331,78,81,L,0,0.6086956521739131,5.0,7.0,0.5652173913043478,2.0,15.0,0.0434782608695653,-8.0,3.0,83.03,73.26,9.769999999999996,True
2021,M,1329,1333,70,80,L,0,0.7142857142857143,5.0,4.0,0.5714285714285714,2.0,12.0,0.1428571428571429,-8.0,3.0,84.88,79.69,5.189999999999998,True
2021,M,1452,1393,72,75,L,0,0.6666666666666666,5.0,3.0,0.64,5.0,11.0,0.026666666666666616,-8.0,0.0,86.61,83.03,3.5799999999999983,True
2021,M,1317,1437,61,84,L,0,0.64,6.0,13.0,0.7272727272727273,9.0,5.0,-0.08727272727272728,8.0,-3.0,78.37,84.74,-6.36999999999999,False
2021,M,1268,1104,77,96,L,0,0.5357142857142857,2.0,10.0,0.8,9.0,2.0,-0.26428571428571435,8.0,-7.0,84.35,88.93,-4.5800000000000125,False
2021,M,1325,1166,58,72,L,0,0.6818181818181818,9.0,13.0,0.7142857142857143,6.0,5.0,-0.032467532467532534,8.0,3.0,77.51,87.0,-9.489999999999995,False
2021,M,1160,1199,53,71,L,0,0.7333333333333333,9.5,5.0,0.7272727272727273,9.5,4.0,0.006060606060605989,1.0,0.0,86.02,86.75,-0.730000000000004,False
2021,M,1328,1211,71,87,L,0,0.6,4.0,8.0,1.0,22.5,1.0,-0.4,7.0,-18.5,83.41,96.51,-13.100000000000009,False
2021,M,1261,1276,78,86,L,0,0.6666666666666666,6.0,8.0,0.8333333333333334,13.5,1.0,-0.16666666666666674,7.0,-7.5,85.16,89.56,-4.400000000000006,False
2021,M,1234,1332,80,95,L,0,0.7241379310344828,13.0,2.0,0.7692307692307693,9.0,7.0,-0.04509283819628651,-5.0,4.0,90.82,84.59,6.22999999999999,True
2021,M,1101,1417,47,67,L,0,0.8260869565217391,15.0,14.0,0.6538461538461539,3.5,11.0,0.17224080267558528,3.0,11.5,77.04,81.89,-4.849999999999994,False
2021,M,1242,1425,51,85,L,0,0.7037037037037037,5.0,3.0,0.7586206896551724,9.0,6.0,-0.054916985951468655,-3.0,-4.0,87.39,85.76,1.6299999999999955,True
2021,M,1331,1116,70,72,L,0,0.5652173913043478,2.0,15.0,0.7857142857142857,11.5,3.0,-0.22049689440993792,12.0,-9.5,73.26,86.26,-13.0,False
2021,M,1437,1124,51,62,L,0,0.7272727272727273,9.0,5.0,0.9166666666666666,14.5,1.0,-0.18939393939393934,4.0,-5.5,84.74,93.63,-8.89,False
2021,M,1393,1222,46,62,L,0,0.64,5.0,11.0,0.8846153846153846,17.0,2.0,-0.24461538461538457,9.0,-12.0,83.03,90.22,-7.189999999999998,False
2021,M,1260,1333,58,65,L,0,0.8461538461538461,12.0,8.0,0.5714285714285714,2.0,12.0,0.27472527472527475,-4.0,10.0,85.08,79.69,5.390000000000001,True
2021,M,1166,1211,65,83,L,0,0.7142857142857143,6.0,5.0,1.0,22.5,1.0,-0.2857142857142857,4.0,-16.5,87.0,96.51,-9.510000000000005,False
2021,M,1199,1276,58,76,L,0,0.7272727272727273,9.5,4.0,0.8333333333333334,13.5,1.0,-0.10606060606060608,3.0,-4.0,86.75,89.56,-2.8100000000000023,False
2021,M,1104,1417,78,88,L,0,0.8,9.0,2.0,0.6538461538461539,3.5,11.0,0.1461538461538462,-9.0,5.5,88.93,81.89,7.040000000000006,True
2021,M,1332,1425,68,82,L,0,0.7692307692307693,9.0,7.0,0.7586206896551724,9.0,6.0,0.010610079575596898,1.0,0.0,84.59,85.76,-1.1700000000000017,False
2021,M,1116,1124,72,81,L,0,0.7857142857142857,11.5,3.0,0.9166666666666666,14.5,1.0,-0.13095238095238093,2.0,-3.0,86.26,93.63,-7.36999999999999,False
2021,M,1333,1222,61,67,L,0,0.5714285714285714,2.0,12.0,0.8846153846153846,17.0,2.0,-0.3131868131868132,10.0,-15.0,79.69,90.22,-10.530000000000001,False
2021,M,1425,1211,66,85,L,0,0.7586206896551724,9.0,6.0,1.0,22.5,1.0,-0.24137931034482762,5.0,-13.5,85.76,96.51,-10.75,False
2021,M,1276,1417,49,51,L,0,0.8333333333333334,13.5,1.0,0.6538461538461539,3.5,11.0,0.17948717948717952,-10.0,10.0,89.56,81.89,7.670000000000002,True
2021,M,1222,1124,59,78,L,0,0.8846153846153846,17.0,2.0,0.9166666666666666,14.5,1.0,-0.03205128205128205,1.0,2.5,90.22,93.63,-3.4099999999999966,False
2021,M,1417,1211,90,93,L,0,0.6538461538461539,3.5,11.0,1.0,22.5,1.0,-0.34615384615384615,10.0,-19.0,81.89,96.51,-14.620000000000005,False
2021,M,1211,1124,70,86,L,0,1.0,22.5,1.0,0.9166666666666666,14.5,1.0,0.08333333333333337,0.0,8.0,96.51,93.63,2.8800000000000097,True
2022,M,1461,1231,58,66,L,0,0.75,4.5,12.0,0.6060606060606061,5.0,12.0,0.14393939393939392,0.0,-0.5,78.52,83.43,-4.910000000000011,True
2022,M,1394,1411,67,76,L,0,0.6333333333333333,5.5,16.0,0.6,2.5,16.0,0.033333333333333326,0.0,3.0,67.3,71.14,-3.8400000000000034,True
2022,M,1353,1323,87,89,L,0,0.5806451612903226,2.0,11.0,0.6774193548387096,4.0,11.0,-0.09677419354838701,0.0,-2.0,81.13,82.1,-0.9699999999999989,False
2022,M,1136,1460,82,93,L,0,0.7,7.0,16.0,0.6060606060606061,4.0,16.0,0.09393939393939388,0.0,3.0,71.55,74.25,-2.700000000000003,True
2022,M,1436,1116,71,75,L,0,0.84375,13.0,13.0,0.7575757575757576,8.0,4.0,0.08617424242424243,9.0,5.0,80.32,86.77,-6.450000000000003,False
2022,M,1313,1124,49,85,L,0,0.7777777777777778,7.0,16.0,0.8125,10.0,1.0,-0.03472222222222221,15.0,-3.0,71.39,87.66,-16.269999999999996,False
2022,M,1361,1166,69,72,L,0,0.7419354838709677,7.0,8.0,0.6666666666666666,4.0,9.0,0.07526881720430112,-1.0,3.0,83.49,81.49,2.0,True
2022,M,1209,1211,72,93,L,0,0.6,5.0,16.0,0.896551724137931,25.0,1.0,-0.29655172413793107,15.0,-20.0,73.46,96.46,-23.0,False
2022,M,1411,1242,56,83,L,0,0.6,2.5,16.0,0.8235294117647058,10.0,1.0,-0.22352941176470587,15.0,-7.5,71.14,91.27,-20.129999999999995,False
2022,M,1129,1272,53,64,L,0,0.7878787878787878,6.0,8.0,0.6774193548387096,8.0,9.0,0.11045943304007821,-1.0,-2.0,82.49,84.91,-2.4200000000000017,True
2022,M,1161,1276,63,75,L,0,0.8275862068965517,8.0,6.0,0.5483870967741935,2.0,11.0,0.2791991101223582,-5.0,6.0,81.65,84.73,-3.0799999999999983,True
2022,M,1362,1293,87,92,L,0,0.71875,9.0,10.0,0.9310344827586207,12.0,7.0,-0.21228448275862066,3.0,-3.0,81.78,81.35,0.4300000000000068,False
2022,M,1163,1308,63,70,L,0,0.71875,7.5,5.0,0.7931034482758621,11.0,12.0,-0.0743534482758621,-7.0,-3.5,86.37,77.68,8.689999999999998,True
2022,M,1266,1314,63,95,L,0,0.6129032258064516,3.0,9.0,0.7272727272727273,10.0,8.0,-0.11436950146627567,1.0,-7.0,81.9,83.99,-2.089999999999989,False
2022,M,1355,1344,57,66,L,0,0.875,10.5,13.0,0.8333333333333334,5.0,4.0,0.04166666666666663,9.0,5.5,79.67,82.72,-3.049999999999997,False
2022,M,1234,1350,63,67,L,0,0.7428571428571429,11.0,5.0,0.6571428571428571,5.0,12.0,0.08571428571428574,-7.0,6.0,88.96,79.91,9.049999999999997,True
2022,M,1231,1388,53,82,L,0,0.6060606060606061,5.0,12.0,0.7741935483870968,9.0,5.0,-0.16813294232649068,7.0,-4.0,83.43,84.34,-0.9099999999999966,False
2022,M,1246,1389,79,85,L,0,0.7878787878787878,11.0,2.0,0.6206896551724138,6.0,15.0,0.16718913270637403,-13.0,5.0,91.22,74.17,17.049999999999997,True
2022,M,1255,1397,56,88,L,0,0.7857142857142857,6.5,14.0,0.7878787878787878,9.0,3.0,-0.0021645021645021467,11.0,-2.5,73.42,88.87,-15.450000000000003,False
2022,M,1103,1417,53,57,L,0,0.7096774193548387,6.0,13.0,0.78125,11.0,4.0,-0.07157258064516125,9.0,-5.0,76.69,89.83,-13.14,False
2022,M,1460,1112,70,87,L,0,0.6060606060606061,4.0,16.0,0.9117647058823529,17.0,1.0,-0.30570409982174684,15.0,-13.0,74.25,90.92,-16.67,False
2022,M,1240,1120,61,80,L,0,0.6551724137931034,6.0,15.0,0.84375,13.0,2.0,-0.18857758620689657,13.0,-7.0,73.15,89.48,-16.33,False
2022,M,1168,1181,61,78,L,0,0.6551724137931034,3.0,15.0,0.8235294117647058,11.5,2.0,-0.16835699797160242,13.0,-8.5,71.78,89.28,-17.5,False
2022,M,1412,1222,68,82,L,0,0.78125,12.5,12.0,0.8529411764705882,16.0,5.0,-0.0716911764705882,7.0,-3.5,81.17,88.72,-7.549999999999997,False
2022,M,1151,1228,53,54,L,0,0.78125,6.5,13.0,0.7096774193548387,7.0,4.0,0.07157258064516125,9.0,-0.5,78.7,86.76,-8.060000000000002,False
2022,M,1261,1235,54,59,L,0,0.6666666666666666,6.0,6.0,0.625,3.5,11.0,0.04166666666666663,-5.0,2.5,85.72,80.57,5.150000000000006,True
2022,M,1425,1274,66,68,L,0,0.7878787878787878,5.0,7.0,0.696969696969697,4.0,10.0,0.09090909090909083,-3.0,1.0,83.02,81.13,1.8900000000000006,True
2022,M,1172,1277,73,74,L,0,0.8125,9.5,10.0,0.6470588235294118,4.0,7.0,0.1654411764705882,3.0,5.5,81.83,83.46,-1.6299999999999955,False
2022,M,1104,1323,64,78,L,0,0.59375,2.5,6.0,0.6774193548387096,4.0,11.0,-0.08366935483870963,-5.0,-1.5,85.15,82.1,3.0500000000000114,True
2022,M,1260,1326,41,54,L,0,0.7741935483870968,9.0,10.0,0.6333333333333333,5.0,7.0,0.14086021505376345,3.0,4.0,83.7,84.15,-0.45000000000000284,False
2022,M,1463,1345,56,78,L,0,0.6206896551724138,3.0,14.0,0.7941176470588235,8.0,3.0,-0.17342799188640967,11.0,-5.0,74.74,89.1,-14.36,False
2022,M,1371,1395,42,69,L,0,0.6666666666666666,3.5,8.0,0.625,4.0,9.0,0.04166666666666663,-1.0,-0.5,82.61,81.93,0.6799999999999926,True
2022,M,1439,1400,73,81,L,0,0.6571428571428571,5.0,11.0,0.65625,6.0,6.0,0.0008928571428571397,5.0,-1.0,84.68,86.32,-1.6399999999999864,False
2022,M,1286,1403,62,97,L,0,0.78125,5.0,14.0,0.7352941176470589,11.0,3.0,0.045955882352941124,11.0,-6.0,74.3,88.7,-14.400000000000006,False
2022,M,1174,1437,60,80,L,0,0.6363636363636364,4.0,15.0,0.7878787878787878,8.0,2.0,-0.1515151515151515,13.0,-4.0,73.57,90.22,-16.650000000000006,False
2022,M,1159,1458,60,67,L,0,0.6666666666666666,10.0,14.0,0.7741935483870968,5.0,3.0,-0.10752688172043012,11.0,5.0,76.4,84.66,-8.259999999999991,False
2022,M,1308,1116,48,53,L,0,0.7931034482758621,11.0,12.0,0.7575757575757576,8.0,4.0,0.03552769070010453,8.0,3.0,77.68,86.77,-9.08999999999999,False
2022,M,1272,1211,78,82,L,0,0.6774193548387096,8.0,9.0,0.896551724137931,25.0,1.0,-0.21913236929922142,8.0,-17.0,84.91,96.46,-11.549999999999997,False
2022,M,1166,1242,72,79,L,0,0.6666666666666666,4.0,9.0,0.8235294117647058,10.0,1.0,-0.1568627450980392,8.0,-6.0,81.49,91.27,-9.780000000000001,False
2022,M,1397,1276,68,76,L,0,0.7878787878787878,9.0,3.0,0.5483870967741935,2.0,11.0,0.23949169110459434,-8.0,7.0,88.87,84.73,4.140000000000001,True
2022,M,1124,1314,86,93,L,0,0.8125,10.0,1.0,0.7272727272727273,10.0,8.0,0.08522727272727271,-7.0,0.0,87.66,83.99,3.6700000000000017,True
2022,M,1350,1344,51,79,L,0,0.6571428571428571,5.0,12.0,0.8333333333333334,5.0,4.0,-0.17619047619047623,8.0,0.0,79.91,82.72,-2.8100000000000023,False
2022,M,1293,1389,60,70,L,0,0.9310344827586207,12.0,7.0,0.6206896551724138,6.0,15.0,0.31034482758620685,-8.0,6.0,81.35,74.17,7.179999999999993,True
2022,M,1388,1417,56,72,L,0,0.7741935483870968,9.0,5.0,0.78125,11.0,4.0,-0.007056451612903247,1.0,-2.0,84.34,89.83,-5.489999999999995,False
2022,M,1395,1112,80,85,L,0,0.625,4.0,9.0,0.9117647058823529,17.0,1.0,-0.2867647058823529,8.0,-13.0,81.93,90.92,-8.989999999999995,False
2022,M,1277,1181,76,85,L,0,0.6470588235294118,4.0,7.0,0.8235294117647058,11.5,2.0,-0.17647058823529405,5.0,-7.5,83.46,89.28,-5.820000000000007,False
2022,M,1228,1222,53,68,L,0,0.7096774193548387,7.0,4.0,0.8529411764705882,16.0,5.0,-0.14326375711574946,-1.0,-9.0,86.76,88.72,-1.9599999999999937,True
2022,M,1458,1235,49,54,L,0,0.7741935483870968,5.0,3.0,0.625,3.5,11.0,0.14919354838709675,-8.0,1.5,84.66,80.57,4.090000000000003,True
2022,M,1120,1274,61,79,L,0,0.84375,13.0,2.0,0.696969696969697,4.0,10.0,0.14678030303030298,-8.0,9.0,89.48,81.13,8.350000000000009,True
2022,M,1400,1345,71,81,L,0,0.65625,6.0,6.0,0.7941176470588235,8.0,3.0,-0.13786764705882348,3.0,-2.0,86.32,89.1,-2.780000000000001,False
2022,M,1323,1403,53,59,L,0,0.6774193548387096,4.0,11.0,0.7352941176470589,11.0,3.0,-0.057874762808349245,8.0,-7.0,82.1,88.7,-6.6000000000000085,False
2022,M,1326,1437,61,71,L,0,0.6333333333333333,5.0,7.0,0.7878787878787878,8.0,2.0,-0.15454545454545454,5.0,-3.0,84.15,90.22,-6.069999999999993,False
2022,M,1211,1116,68,74,L,0,0.896551724137931,25.0,1.0,0.7575757575757576,8.0,4.0,0.13897596656217348,-3.0,17.0,96.46,86.77,9.689999999999998,True
2022,M,1403,1181,73,78,L,0,0.7352941176470589,11.0,3.0,0.8235294117647058,11.5,2.0,-0.08823529411764697,1.0,-0.5,88.7,89.28,-0.5799999999999983,False
2022,M,1112,1222,60,72,L,0,0.9117647058823529,17.0,1.0,0.8529411764705882,16.0,5.0,0.05882352941176472,-4.0,1.0,90.92,88.72,2.200000000000003,True
2022,M,1276,1437,55,63,L,0,0.5483870967741935,2.0,11.0,0.7878787878787878,8.0,2.0,-0.23949169110459434,9.0,-6.0,84.73,90.22,-5.489999999999995,False
2022,M,1344,1242,61,66,L,0,0.8333333333333334,5.0,4.0,0.8235294117647058,10.0,1.0,0.009803921568627527,3.0,-5.0,82.72,91.27,-8.549999999999997,False
2022,M,1235,1274,56,70,L,0,0.625,3.5,11.0,0.696969696969697,4.0,10.0,-0.07196969696969702,1.0,-0.5,80.57,81.13,-0.5600000000000023,False
2022,M,1417,1314,66,73,L,0,0.78125,11.0,4.0,0.7272727272727273,10.0,8.0,0.05397727272727271,-4.0,1.0,89.83,83.99,5.840000000000003,True
2022,M,1345,1389,64,67,L,0,0.7941176470588235,8.0,3.0,0.6206896551724138,6.0,15.0,0.17342799188640967,-12.0,2.0,89.1,74.17,14.929999999999993,True
2022,M,1116,1181,69,78,L,0,0.7575757575757576,8.0,4.0,0.8235294117647058,11.5,2.0,-0.06595365418894827,2.0,-3.5,86.77,89.28,-2.510000000000005,False
2022,M,1222,1437,44,50,L,0,0.8529411764705882,16.0,5.0,0.7878787878787878,8.0,2.0,0.06506238859180036,3.0,8.0,88.72,90.22,-1.5,False
2022,M,1274,1242,50,76,L,0,0.696969696969697,4.0,10.0,0.8235294117647058,10.0,1.0,-0.12655971479500883,9.0,-6.0,81.13,91.27,-10.14,False
2022,M,1389,1314,49,69,L,0,0.6206896551724138,6.0,15.0,0.7272727272727273,10.0,8.0,-0.10658307210031348,7.0,-4.0,74.17,83.99,-9.819999999999993,False
2022,M,1437,1242,65,81,L,0,0.7878787878787878,8.0,2.0,0.8235294117647058,10.0,1.0,-0.035650623885918,1.0,-2.0,90.22,91.27,-1.0499999999999972,False
2022,M,1181,1314,77,81,L,0,0.8235294117647058,11.5,2.0,0.7272727272727273,10.0,8.0,0.09625668449197855,-6.0,1.5,89.28,83.99,5.290000000000006,True
2022,M,1314,1242,69,72,L,0,0.7272727272727273,10.0,8.0,0.8235294117647058,10.0,1.0,-0.09625668449197855,7.0,0.0,83.99,91.27,-7.280000000000001,False
2023,M,1280,1338,59,60,L,0,0.6363636363636364,6.0,11.0,0.6666666666666666,3.0,11.0,-0.030303030303030276,0.0,3.0,81.85,80.22,1.6299999999999955,False
2023,M,1369,1394,71,75,L,0,0.5151515151515151,1.0,16.0,0.6551724137931034,8.0,16.0,-0.1400208986415883,0.0,-7.0,67.71,70.59,-2.8800000000000097,False
2023,M,1305,1113,73,98,L,0,0.6774193548387096,6.0,11.0,0.6470588235294118,4.0,11.0,0.030360531309297834,0.0,2.0,79.59,82.38,-2.789999999999992,True
2023,M,1411,1192,61,84,L,0,0.375,-4.0,16.0,0.53125,1.5,16.0,-0.15625,0.0,-5.5,66.56,66.93,-0.37000000000000455,False
2023,M,1394,1104,75,96,L,0,0.6551724137931034,8.0,16.0,0.8529411764705882,11.0,1.0,-0.19776876267748478,15.0,-3.0,70.59,92.57,-21.97999999999999,False
2023,M,1228,1116,63,73,L,0,0.625,9.0,9.0,0.6060606060606061,6.0,8.0,0.018939393939393923,1.0,3.0,84.54,85.1,-0.5599999999999881,False
2023,M,1234,1120,75,83,L,0,0.59375,4.5,8.0,0.625,5.5,9.0,-0.03125,-1.0,-1.0,84.44,84.87,-0.4300000000000068,True
2023,M,1331,1181,51,74,L,0,0.8666666666666667,11.5,12.0,0.7647058823529411,7.0,5.0,0.10196078431372557,7.0,4.5,79.19,87.11,-7.920000000000002,False
2023,M,1438,1202,67,68,L,0,0.78125,7.0,4.0,0.7741935483870968,12.0,13.0,0.007056451612903247,-9.0,-5.0,83.81,78.23,5.579999999999998,True
2023,M,1297,1222,52,63,L,0,0.625,3.0,16.0,0.9117647058823529,15.5,1.0,-0.2867647058823529,15.0,-12.5,72.86,93.22,-20.36,False
2023,M,1224,1242,68,96,L,0,0.6129032258064516,1.0,16.0,0.7941176470588235,6.0,1.0,-0.18121442125237186,15.0,-5.0,69.31,89.62,-20.310000000000002,False
2023,M,1452,1268,65,67,L,0,0.5757575757575758,5.0,9.0,0.6363636363636364,11.0,8.0,-0.06060606060606055,1.0,-6.0,84.15,84.5,-0.3499999999999943,False
2023,M,1429,1281,65,76,L,0,0.7575757575757576,10.0,10.0,0.7272727272727273,5.0,7.0,0.030303030303030276,3.0,5.0,83.48,81.39,2.0900000000000034,False
2023,M,1129,1321,67,75,L,0,0.71875,8.0,10.0,0.65625,5.5,7.0,0.0625,3.0,2.5,82.59,82.24,0.3500000000000085,False
2023,M,1401,1336,59,76,L,0,0.7352941176470589,7.0,7.0,0.6285714285714286,4.0,10.0,0.10672268907563032,-3.0,3.0,85.13,82.78,2.3499999999999943,True
2023,M,1112,1343,55,59,L,0,0.8235294117647058,11.5,2.0,0.7037037037037037,7.0,15.0,0.11982570806100212,-13.0,4.5,89.0,75.41,13.590000000000003,True
2023,M,1158,1361,57,63,L,0,0.9090909090909091,13.0,12.0,0.8125,8.0,5.0,0.09659090909090906,7.0,5.0,79.77,86.04,-6.27000000000001,False
2023,M,1418,1397,55,58,L,0,0.7666666666666667,7.5,13.0,0.696969696969697,11.0,4.0,0.0696969696969697,9.0,-3.5,76.35,86.87,-10.52000000000001,False
2023,M,1159,1400,61,81,L,0,0.7575757575757576,9.0,15.0,0.7647058823529411,7.0,2.0,-0.007130124777183555,13.0,2.0,76.2,90.08,-13.879999999999995,False
2023,M,1421,1417,53,86,L,0,0.78125,5.5,15.0,0.8529411764705882,13.0,2.0,-0.0716911764705882,13.0,-7.5,73.02,88.26,-15.240000000000009,False
2023,M,1364,1124,56,74,L,0,0.78125,7.5,14.0,0.6875,5.5,3.0,0.09375,11.0,2.0,75.52,87.13,-11.61,False
2023,M,1233,1163,63,87,L,0,0.7941176470588235,12.0,13.0,0.7575757575757576,12.0,4.0,0.036541889483065915,9.0,0.0,79.63,89.24,-9.61,False
2023,M,1301,1166,63,72,L,0,0.696969696969697,8.0,11.0,0.6363636363636364,10.0,6.0,0.06060606060606066,5.0,-2.0,81.44,87.56,-6.1200000000000045,False
2023,M,1345,1192,58,63,L,0,0.8529411764705882,11.0,1.0,0.53125,1.5,16.0,0.3216911764705882,-15.0,9.5,89.48,66.93,22.549999999999997,True
2023,M,1272,1194,65,66,L,0,0.7647058823529411,8.5,8.0,0.90625,12.5,9.0,-0.14154411764705888,-1.0,-4.0,84.93,82.57,2.3600000000000136,True
2023,M,1213,1211,70,82,L,0,0.65625,3.5,14.0,0.84375,10.0,3.0,-0.1875,11.0,-6.5,75.9,89.92,-14.019999999999996,False
2023,M,1245,1231,60,71,L,0,0.8125,9.5,13.0,0.6666666666666666,5.0,4.0,0.14583333333333337,9.0,4.5,79.37,85.81,-6.439999999999998,False
2023,M,1286,1243,65,77,L,0,0.71875,5.5,14.0,0.71875,7.0,3.0,0.0,11.0,-1.5,75.32,84.45,-9.13000000000001,False
2023,M,1344,1246,53,61,L,0,0.65625,6.5,11.0,0.65625,7.5,6.0,0.0,5.0,-1.0,82.77,86.01,-3.240000000000009,False
2023,M,1436,1266,61,78,L,0,0.6875,9.5,15.0,0.8235294117647058,9.5,2.0,-0.13602941176470584,13.0,0.0,76.26,87.6,-11.33999999999999,False
2023,M,1179,1274,56,63,L,0,0.7878787878787878,8.0,12.0,0.78125,7.0,5.0,0.006628787878787845,7.0,1.0,81.18,83.6,-2.4199999999999875,False
2023,M,1425,1277,62,72,L,0,0.6875,6.5,10.0,0.6129032258064516,4.0,7.0,0.07459677419354838,3.0,2.5,83.04,83.82,-0.7799999999999869,False
2023,M,1235,1338,41,59,L,0,0.59375,3.5,6.0,0.6666666666666666,3.0,11.0,-0.07291666666666663,-5.0,0.5,84.52,80.22,4.299999999999997,True
2023,M,1433,1388,51,63,L,0,0.7941176470588235,11.0,12.0,0.78125,9.5,5.0,0.012867647058823484,7.0,1.5,81.65,85.91,-4.259999999999991,False
2023,M,1113,1395,70,72,L,0,0.6470588235294118,4.0,11.0,0.6363636363636364,4.0,6.0,0.010695187165775444,5.0,0.0,82.38,85.41,-3.030000000000001,False
2023,M,1244,1462,67,72,L,0,0.7419354838709677,4.0,14.0,0.7352941176470589,5.0,3.0,0.006641366223908873,11.0,-1.0,73.28,84.36,-11.079999999999998,False
2023,M,1268,1104,51,73,L,0,0.6363636363636364,11.0,8.0,0.8529411764705882,11.0,1.0,-0.21657754010695185,7.0,0.0,84.5,92.57,-8.069999999999993,False
2023,M,1242,1116,71,72,L,0,0.7941176470588235,6.0,1.0,0.6060606060606061,6.0,8.0,0.1880570409982174,-7.0,0.0,89.62,85.1,4.52000000000001,True
2023,M,1120,1222,64,81,L,0,0.625,5.5,9.0,0.9117647058823529,15.5,1.0,-0.2867647058823529,8.0,-10.0,84.87,93.22,-8.349999999999994,False
2023,M,1281,1343,63,78,L,0,0.7272727272727273,5.0,7.0,0.7037037037037037,7.0,15.0,0.023569023569023573,-8.0,-2.0,81.39,75.41,5.980000000000004,True
2023,M,1202,1361,52,75,L,0,0.7741935483870968,12.0,13.0,0.8125,8.0,5.0,-0.03830645161290325,8.0,4.0,78.23,86.04,-7.810000000000002,False
2023,M,1181,1397,52,65,L,0,0.7647058823529411,7.0,5.0,0.696969696969697,11.0,4.0,0.06773618538324411,1.0,-4.0,87.11,86.87,0.23999999999999488,False
2023,M,1336,1400,66,71,L,0,0.6285714285714286,4.0,10.0,0.7647058823529411,7.0,2.0,-0.13613445378151257,8.0,-3.0,82.78,90.08,-7.299999999999997,False
2023,M,1321,1417,63,68,L,0,0.65625,5.5,7.0,0.8529411764705882,13.0,2.0,-0.1966911764705882,5.0,-7.5,82.24,88.26,-6.02000000000001,False
2023,M,1388,1163,55,70,L,0,0.78125,9.5,5.0,0.7575757575757576,12.0,4.0,0.02367424242424243,1.0,-2.5,85.91,89.24,-3.3299999999999983,False
2023,M,1124,1166,76,85,L,0,0.6875,5.5,3.0,0.6363636363636364,10.0,6.0,0.051136363636363646,-3.0,-4.5,87.13,87.56,-0.4300000000000068,True
2023,M,1192,1194,70,78,L,0,0.53125,1.5,16.0,0.90625,12.5,9.0,-0.375,7.0,-11.0,66.93,82.57,-15.639999999999986,False
2023,M,1395,1211,81,84,L,0,0.6363636363636364,4.0,6.0,0.84375,10.0,3.0,-0.20738636363636365,3.0,-6.0,85.41,89.92,-4.510000000000005,False
2023,M,1246,1243,69,75,L,0,0.65625,7.5,6.0,0.71875,7.0,3.0,-0.0625,3.0,0.5,86.01,84.45,1.5600000000000023,False
2023,M,1231,1274,69,85,L,0,0.6666666666666666,5.0,4.0,0.78125,7.0,5.0,-0.11458333333333337,-1.0,-2.0,85.81,83.6,2.210000000000008,True
2023,M,1266,1277,60,69,L,0,0.8235294117647058,9.5,2.0,0.6129032258064516,4.0,7.0,0.21062618595825422,-5.0,5.5,87.6,83.82,3.780000000000001,True
2023,M,1338,1462,73,84,L,0,0.6666666666666666,3.0,11.0,0.7352941176470589,5.0,3.0,-0.06862745098039225,8.0,-2.0,80.22,84.36,-4.140000000000001,False
2023,M,1116,1163,65,88,L,0,0.6060606060606061,6.0,8.0,0.7575757575757576,12.0,4.0,-0.1515151515151515,4.0,-6.0,85.1,89.24,-4.140000000000001,False
2023,M,1397,1194,55,62,L,0,0.696969696969697,11.0,4.0,0.90625,12.5,9.0,-0.20928030303030298,-5.0,-1.5,86.87,82.57,4.300000000000011,True
2023,M,1417,1211,76,79,L,0,0.8529411764705882,13.0,2.0,0.84375,10.0,3.0,0.009191176470588203,-1.0,3.0,88.26,89.92,-1.6599999999999966,True
2023,M,1277,1243,93,98,L,0,0.6129032258064516,4.0,7.0,0.71875,7.0,3.0,-0.10584677419354838,4.0,-3.0,83.82,84.45,-0.6300000000000097,False
2023,M,1343,1166,75,86,L,0,0.7037037037037037,7.0,15.0,0.6363636363636364,10.0,6.0,0.06734006734006737,9.0,-3.0,75.41,87.56,-12.150000000000006,False
2023,M,1222,1274,75,89,L,0,0.9117647058823529,15.5,1.0,0.78125,7.0,5.0,0.13051470588235292,-4.0,8.5,93.22,83.6,9.620000000000005,True
2023,M,1104,1361,64,71,L,0,0.8529411764705882,11.0,1.0,0.8125,8.0,5.0,0.0404411764705882,-4.0,3.0,92.57,86.04,6.529999999999987,True
2023,M,1462,1400,71,83,L,0,0.7352941176470589,5.0,3.0,0.7647058823529411,7.0,2.0,-0.02941176470588225,1.0,-2.0,84.36,90.08,-5.719999999999999,False
2023,M,1211,1163,54,82,L,0,0.84375,10.0,3.0,0.7575757575757576,12.0,4.0,0.08617424242424243,-1.0,-2.0,89.92,89.24,0.6800000000000068,True
2023,M,1243,1194,76,79,L,0,0.71875,7.0,3.0,0.90625,12.5,9.0,-0.1875,-6.0,-5.5,84.45,82.57,1.8800000000000097,True
2023,M,1400,1274,81,88,L,0,0.7647058823529411,7.0,2.0,0.78125,7.0,5.0,-0.016544117647058876,-3.0,0.0,90.08,83.6,6.480000000000004,True
2023,M,1166,1361,56,57,L,0,0.6363636363636364,10.0,6.0,0.8125,8.0,5.0,-0.17613636363636365,1.0,2.0,87.56,86.04,1.519999999999996,False
2023,M,1274,1163,59,72,L,0,0.78125,7.0,5.0,0.7575757575757576,12.0,4.0,0.02367424242424243,1.0,-5.0,83.6,89.24,-5.640000000000001,False
2023,M,1194,1361,71,72,L,0,0.90625,12.5,9.0,0.8125,8.0,5.0,0.09375,4.0,4.5,82.57,86.04,-3.470000000000013,False
2023,M,1361,1163,59,76,L,0,0.8125,8.0,5.0,0.7575757575757576,12.0,4.0,0.05492424242424243,1.0,-4.0,86.04,89.24,-3.1999999999999886,False
2016,W,3196,3107,59,61,L,0,0.7333333333333333,7.5,5.0,0.8709677419354839,15.0,12.0,-0.1376344086021506,-7.0,-7.5,83.36,80.9,2.4599999999999937,True
2016,W,3308,3113,52,74,L,0,0.8571428571428571,10.0,15.0,0.8064516129032258,10.0,2.0,0.05069124423963134,13.0,0.0,71.42,91.32,-19.89999999999999,False
2016,W,3385,3120,57,68,L,0,0.71875,8.5,8.0,0.6129032258064516,4.0,9.0,0.10584677419354838,-1.0,4.5,82.19,80.17,2.019999999999996,True
2016,W,3225,3124,59,89,L,0,0.7096774193548387,10.0,16.0,0.9705882352941176,21.5,1.0,-0.2609108159392789,15.0,-11.5,72.69,101.59,-28.900000000000006,False
2016,W,3241,3177,67,97,L,0,0.84375,16.0,11.0,0.7575757575757576,15.0,6.0,0.08617424242424243,5.0,1.0,83.04,90.08,-7.039999999999992,False
2016,W,3203,3243,51,56,L,0,0.8125,8.5,8.0,0.6,8.5,9.0,0.21250000000000002,-1.0,0.0,82.9,80.28,2.6200000000000045,True
2016,W,3146,3257,60,87,L,0,0.8888888888888888,10.0,14.0,0.78125,12.5,3.0,0.10763888888888884,11.0,-2.5,66.93,92.24,-25.309999999999988,False
2016,W,3125,3277,60,74,L,0,0.7333333333333333,13.0,13.0,0.75,11.5,4.0,-0.01666666666666672,9.0,1.5,72.64,90.07,-17.429999999999993,False
2016,W,3151,3280,50,60,L,0,0.7741935483870968,11.0,12.0,0.7878787878787878,10.0,5.0,-0.013685239491691092,7.0,1.0,76.47,89.46,-12.989999999999995,False
2016,W,3138,3326,69,88,L,0,0.6060606060606061,6.0,14.0,0.7741935483870968,12.0,3.0,-0.16813294232649068,11.0,-6.0,71.12,93.9,-22.78,False
2016,W,3407,3333,31,73,L,0,0.6,7.0,15.0,0.875,14.0,2.0,-0.275,13.0,-7.0,68.25,95.42,-27.17,False
2016,W,3239,3376,41,77,L,0,0.6666666666666666,10.5,16.0,0.96875,15.0,1.0,-0.30208333333333337,15.0,-4.5,69.99,101.07,-31.08,False
2016,W,3329,3382,54,65,L,0,0.7,10.0,7.0,0.7666666666666667,11.5,10.0,-0.06666666666666676,-3.0,-1.5,83.28,77.32,5.960000000000008,True
2016,W,3119,3393,56,73,L,0,0.9333333333333333,21.5,13.0,0.78125,15.5,4.0,0.15208333333333335,9.0,6.0,79.02,89.59,-10.570000000000007,False
2016,W,3453,3397,53,59,L,0,0.875,15.5,10.0,0.59375,4.5,7.0,0.28125,3.0,11.0,83.06,88.93,-5.8700000000000045,False
2016,W,3343,3452,65,74,L,0,0.8214285714285714,19.0,11.0,0.7272727272727273,11.0,6.0,0.0941558441558441,5.0,8.0,84.15,87.0,-2.8499999999999943,False
2016,W,3352,3163,49,101,L,0,0.6129032258064516,5.0,16.0,1.0,43.0,1.0,-0.3870967741935484,15.0,-38.0,64.62,113.09,-48.47,False
2016,W,3371,3182,76,97,L,0,0.7419354838709677,7.0,8.0,0.8387096774193549,14.0,9.0,-0.09677419354838712,-1.0,-7.0,81.76,80.74,1.0200000000000102,True
2016,W,3292,3199,55,72,L,0,0.75,9.5,12.0,0.7666666666666667,17.5,5.0,-0.01666666666666672,7.0,-8.0,78.25,91.5,-13.25,False
2016,W,3208,3231,58,62,L,0,0.7,11.0,8.0,0.6451612903225806,7.0,9.0,0.05483870967741933,-1.0,4.0,84.53,82.85,1.6800000000000068,True
2016,W,3421,3246,31,85,L,0,0.8,8.0,14.0,0.7666666666666667,12.5,3.0,0.033333333333333326,11.0,-4.5,66.13,90.97,-24.840000000000003,False
2016,W,3233,3268,58,74,L,0,0.6764705882352942,11.0,15.0,0.9090909090909091,20.0,2.0,-0.2326203208556149,13.0,-9.0,71.24,99.01,-27.77000000000001,False
2016,W,3140,3281,69,78,L,0,0.8064516129032258,9.0,7.0,0.7,13.0,10.0,0.1064516129032258,-3.0,-4.0,80.17,82.9,-2.730000000000004,True
2016,W,3299,3323,61,95,L,0,0.6071428571428571,8.5,16.0,0.96875,13.0,1.0,-0.3616071428571429,15.0,-4.5,64.33,101.07,-36.739999999999995,False
2016,W,3345,3328,45,61,L,0,0.6451612903225806,6.0,11.0,0.6774193548387096,10.0,6.0,-0.032258064516129004,5.0,-4.0,83.02,87.47,-4.450000000000003,False
2016,W,3274,3355,71,74,L,0,0.75,11.5,5.0,0.8125,9.0,12.0,-0.0625,-7.0,2.5,86.51,80.11,6.400000000000006,True
2016,W,3161,3378,45,48,L,0,0.9666666666666667,17.0,11.0,0.71875,14.5,6.0,0.24791666666666667,5.0,2.5,80.15,88.52,-8.36999999999999,False
2016,W,3362,3390,58,85,L,0,0.6333333333333333,3.0,13.0,0.7741935483870968,16.0,4.0,-0.14086021505376345,9.0,-13.0,74.26,92.4,-18.14,False
2016,W,3106,3400,42,86,L,0,0.6206896551724138,4.0,15.0,0.875,15.5,2.0,-0.2543103448275862,13.0,-11.5,59.87,93.58,-33.71,False
2016,W,3283,3401,65,74,L,0,0.71875,8.0,13.0,0.7,6.0,4.0,0.018750000000000044,9.0,2.0,75.75,88.71,-12.959999999999994,False
2016,W,3218,3417,50,66,L,0,0.6774193548387096,9.0,14.0,0.75,11.0,3.0,-0.07258064516129037,11.0,-2.0,74.1,89.93,-15.830000000000013,False
2016,W,3335,3449,53,65,L,0,0.8518518518518519,14.0,10.0,0.6875,8.5,7.0,0.16435185185185186,3.0,5.5,78.59,86.47,-7.8799999999999955,False
2016,W,3120,3124,52,84,L,0,0.6129032258064516,4.0,9.0,0.9705882352941176,21.5,1.0,-0.357685009487666,8.0,-17.5,80.17,101.59,-21.42,False
2016,W,3257,3177,72,73,L,0,0.78125,12.5,3.0,0.7575757575757576,15.0,6.0,0.02367424242424243,-3.0,-2.5,92.24,90.08,2.1599999999999966,True
2016,W,3277,3280,72,74,L,0,0.75,11.5,4.0,0.7878787878787878,10.0,5.0,-0.037878787878787845,-1.0,1.5,90.07,89.46,0.6099999999999994,True
2016,W,3452,3326,81,88,L,0,0.7272727272727273,11.0,6.0,0.7741935483870968,12.0,3.0,-0.04692082111436946,3.0,-1.0,87.0,93.9,-6.900000000000006,False
2016,W,3382,3333,40,69,L,0,0.7666666666666667,11.5,10.0,0.875,14.0,2.0,-0.10833333333333328,8.0,-2.5,77.32,95.42,-18.10000000000001,False
2016,W,3243,3376,47,73,L,0,0.6,8.5,9.0,0.96875,15.0,1.0,-0.36875,8.0,-6.5,80.28,101.07,-20.789999999999992,False
2016,W,3107,3393,59,76,L,0,0.8709677419354839,15.0,12.0,0.78125,15.5,4.0,0.08971774193548387,8.0,-0.5,80.9,89.59,-8.689999999999998,False
2016,W,3113,3397,64,75,L,0,0.8064516129032258,10.0,2.0,0.59375,4.5,7.0,0.21270161290322576,-5.0,5.5,91.32,88.93,2.3899999999999864,True
2016,W,3182,3163,51,97,L,0,0.8387096774193549,14.0,9.0,1.0,43.0,1.0,-0.16129032258064513,8.0,-29.0,80.74,113.09,-32.35000000000001,False
2016,W,3401,3199,56,74,L,0,0.7,6.0,4.0,0.7666666666666667,17.5,5.0,-0.06666666666666676,-1.0,-11.5,88.71,91.5,-2.7900000000000063,True
2016,W,3328,3246,58,79,L,0,0.6774193548387096,10.0,6.0,0.7666666666666667,12.5,3.0,-0.08924731182795709,3.0,-2.5,87.47,90.97,-3.5,False
2016,W,3231,3323,70,87,L,0,0.6451612903225806,7.0,9.0,0.96875,13.0,1.0,-0.3235887096774194,8.0,-6.0,82.85,101.07,-18.22,False
2016,W,3355,3390,65,66,L,0,0.8125,9.0,12.0,0.7741935483870968,16.0,4.0,0.03830645161290325,8.0,-7.0,80.11,92.4,-12.290000000000006,False
2016,W,3281,3400,55,73,L,0,0.7,13.0,10.0,0.875,15.5,2.0,-0.17500000000000004,8.0,-2.5,82.9,93.58,-10.679999999999993,False
2016,W,3378,3417,67,72,L,0,0.71875,14.5,6.0,0.75,11.0,3.0,-0.03125,3.0,3.5,88.52,89.93,-1.4100000000000108,False
2016,W,3268,3449,65,74,L,0,0.9090909090909091,20.0,2.0,0.6875,8.5,7.0,0.22159090909090906,-5.0,11.5,99.01,86.47,12.540000000000006,True
2016,W,3323,3390,84,90,L,0,0.96875,13.0,1.0,0.7741935483870968,16.0,4.0,0.19455645161290325,-3.0,-3.0,101.07,92.4,8.669999999999987,True
2016,W,3376,3393,72,80,L,0,0.96875,15.0,1.0,0.78125,15.5,4.0,0.1875,-3.0,-0.5,101.07,89.59,11.47999999999999,True
2016,W,3326,3397,62,78,L,0,0.7741935483870968,12.0,3.0,0.59375,4.5,7.0,0.18044354838709675,-4.0,7.5,93.9,88.93,4.969999999999999,True
2016,W,3246,3449,72,85,L,0,0.7666666666666667,12.5,3.0,0.6875,8.5,7.0,0.07916666666666672,-4.0,4.0,90.97,86.47,4.5,True
2016,W,3199,3124,58,78,L,0,0.7666666666666667,17.5,5.0,0.9705882352941176,21.5,1.0,-0.20392156862745092,4.0,-4.0,91.5,101.59,-10.090000000000003,False
2016,W,3280,3163,38,98,L,0,0.7878787878787878,10.0,5.0,1.0,43.0,1.0,-0.21212121212121215,4.0,-33.0,89.46,113.09,-23.63000000000001,False
2016,W,3177,3333,71,83,L,0,0.7575757575757576,15.0,6.0,0.875,14.0,2.0,-0.11742424242424243,4.0,1.0,90.08,95.42,-5.340000000000003,False
2016,W,3417,3400,64,72,L,0,0.75,11.0,3.0,0.875,15.5,2.0,-0.125,1.0,-4.5,89.93,93.58,-3.6499999999999915,False
2016,W,3397,3393,67,89,L,0,0.59375,4.5,7.0,0.78125,15.5,4.0,-0.1875,3.0,-11.0,88.93,89.59,-0.6599999999999966,False
2016,W,3390,3449,76,85,L,0,0.7741935483870968,16.0,4.0,0.6875,8.5,7.0,0.08669354838709675,-3.0,7.5,92.4,86.47,5.930000000000007,True
2016,W,3400,3163,65,86,L,0,0.875,15.5,2.0,1.0,43.0,1.0,-0.125,1.0,-27.5,93.58,113.09,-19.510000000000005,False
2016,W,3124,3333,57,60,L,0,0.9705882352941176,21.5,1.0,0.875,14.0,2.0,0.09558823529411764,-1.0,7.5,101.59,95.42,6.170000000000002,True
2016,W,3333,3163,51,80,L,0,0.875,14.0,2.0,1.0,43.0,1.0,-0.125,1.0,-29.0,95.42,113.09,-17.67,False
2016,W,3449,3393,59,80,L,0,0.6875,8.5,7.0,0.78125,15.5,4.0,-0.09375,3.0,-7.0,86.47,89.59,-3.1200000000000045,False
2016,W,3393,3163,51,82,L,0,0.78125,15.5,4.0,1.0,43.0,1.0,-0.21875,3.0,-27.5,89.59,113.09,-23.5,False
2017,W,3277,3113,61,73,L,0,0.65625,9.0,9.0,0.6129032258064516,6.0,8.0,0.043346774193548376,1.0,3.0,84.28,87.68,-3.4000000000000057,False
2017,W,3405,3166,49,76,L,0,0.75,7.5,10.0,0.7666666666666667,8.5,7.0,-0.01666666666666672,3.0,-1.0,76.26,79.96,-3.6999999999999886,False
2017,W,3320,3177,67,88,L,0,0.7419354838709677,8.0,10.0,0.7878787878787878,16.0,7.0,-0.045943304007820096,3.0,-8.0,77.1,87.94,-10.840000000000003,False
2017,W,3442,3199,66,87,L,0,0.8,8.0,14.0,0.8064516129032258,19.0,3.0,-0.006451612903225712,11.0,-11.0,71.83,94.36,-22.53,False
2017,W,3125,3246,70,73,L,0,0.8387096774193549,14.0,13.0,0.6774193548387096,8.0,4.0,0.16129032258064524,9.0,6.0,73.32,89.12,-15.800000000000011,False
2017,W,3137,3268,61,103,L,0,0.84375,10.5,14.0,0.9375,19.5,3.0,-0.09375,11.0,-9.0,72.37,96.27,-23.89999999999999,False
2017,W,3407,3280,69,110,L,0,0.6666666666666666,9.5,15.0,0.8787878787878788,16.0,2.0,-0.21212121212121215,13.0,-6.5,70.54,94.69,-24.14999999999999,False
2017,W,3378,3281,64,66,L,0,0.75,11.0,11.0,0.6774193548387096,6.0,6.0,0.07258064516129037,5.0,5.0,82.58,83.86,-1.2800000000000011,False
2017,W,3120,3301,48,62,L,0,0.5483870967741935,4.0,11.0,0.7333333333333333,12.0,6.0,-0.18494623655913978,5.0,-8.0,80.45,84.37,-3.9200000000000017,False
2017,W,3352,3323,49,79,L,0,0.6774193548387096,8.0,16.0,0.9090909090909091,17.0,1.0,-0.23167155425219943,15.0,-9.0,64.43,101.2,-36.769999999999996,False
2017,W,3443,3326,63,70,L,0,0.8181818181818182,11.0,12.0,0.8125,14.0,5.0,0.005681818181818232,7.0,-3.0,80.25,90.5,-10.25,False
2017,W,3253,3333,55,56,L,0,0.6875,3.0,15.0,0.8787878787878788,10.0,2.0,-0.19128787878787878,13.0,-7.0,71.27,93.24,-21.97,False
2017,W,3453,3345,62,74,L,0,0.84375,20.0,8.0,0.6470588235294118,10.5,9.0,0.1966911764705882,-1.0,9.5,84.36,82.06,2.299999999999997,True
2017,W,3421,3376,40,90,L,0,0.5625,2.5,16.0,0.8709677419354839,19.0,1.0,-0.3084677419354839,15.0,-16.5,62.02,100.32,-38.29999999999999,False
2017,W,3146,3400,50,78,L,0,0.8461538461538461,14.0,14.0,0.7419354838709677,10.0,3.0,0.1042183622828784,11.0,4.0,68.04,94.37,-26.33,False
2017,W,3189,3452,62,75,L,0,0.8125,11.0,11.0,0.696969696969697,10.0,6.0,0.11553030303030298,5.0,1.0,77.86,88.26,-10.400000000000006,False
2017,W,3411,3124,30,119,L,0,0.7096774193548387,6.0,16.0,0.9090909090909091,32.0,1.0,-0.19941348973607032,15.0,-26.0,62.72,104.45,-41.730000000000004,False
2017,W,3261,3143,52,55,L,0,0.6451612903225806,4.0,8.0,0.59375,7.0,9.0,0.05141129032258063,-1.0,-3.0,80.97,82.52,-1.5499999999999972,True
2017,W,3107,3163,55,116,L,0,0.6451612903225806,6.0,16.0,1.0,38.5,1.0,-0.3548387096774194,15.0,-32.5,72.03,111.43,-39.400000000000006,False
2017,W,3214,3181,31,94,L,0,0.625,3.0,15.0,0.84375,17.5,2.0,-0.21875,13.0,-14.5,66.02,90.94,-24.92,False
2017,W,3179,3243,54,67,L,0,0.8709677419354839,14.0,10.0,0.6875,9.5,7.0,0.18346774193548387,3.0,4.5,79.43,84.48,-5.049999999999997,False
2017,W,3151,3257,62,82,L,0,0.6774193548387096,8.0,13.0,0.7941176470588235,15.0,4.0,-0.11669829222011385,9.0,-7.0,76.21,92.24,-16.03,False
2017,W,3195,3274,60,62,L,0,0.75,15.0,13.0,0.7419354838709677,10.0,4.0,0.008064516129032251,9.0,5.0,76.81,88.19,-11.379999999999995,False
2017,W,3211,3328,62,75,L,0,0.8125,12.0,11.0,0.7096774193548387,8.0,6.0,0.10282258064516125,5.0,4.0,81.07,85.68,-4.610000000000014,False
2017,W,3396,3332,70,71,L,0,0.7741935483870968,11.0,7.0,0.6060606060606061,5.0,10.0,0.16813294232649068,-3.0,6.0,81.23,83.06,-1.8299999999999983,True
2017,W,3266,3346,65,68,L,0,0.78125,7.5,5.0,0.8181818181818182,11.0,12.0,-0.03693181818181823,-7.0,-3.5,79.73,77.11,2.6200000000000045,True
2017,W,3308,3390,64,72,L,0,0.7857142857142857,9.0,15.0,0.8484848484848485,16.0,2.0,-0.06277056277056281,13.0,-7.0,70.78,95.07,-24.289999999999992,False
2017,W,3235,3393,65,85,L,0,0.6,7.0,9.0,0.6774193548387096,16.0,8.0,-0.07741935483870965,1.0,-9.0,81.33,89.29,-7.960000000000008,False
2017,W,3173,3397,57,66,L,0,0.7096774193548387,10.0,12.0,0.6333333333333333,7.5,5.0,0.07634408602150544,7.0,2.5,78.32,88.89,-10.570000000000007,False
2017,W,3335,3401,61,63,L,0,0.75,10.5,12.0,0.65625,8.0,5.0,0.09375,7.0,2.5,75.79,85.97,-10.179999999999993,False
2017,W,3129,3417,56,83,L,0,0.7666666666666667,4.5,13.0,0.7419354838709677,11.0,4.0,0.02473118279569897,9.0,-6.5,73.12,91.74,-18.61999999999999,False
2017,W,3286,3449,63,91,L,0,0.7931034482758621,6.0,14.0,0.84375,22.5,3.0,-0.0506465517241379,11.0,-16.5,71.12,94.81,-23.689999999999998,False
2017,W,3281,3199,55,77,L,0,0.6774193548387096,6.0,6.0,0.8064516129032258,19.0,3.0,-0.12903225806451613,3.0,-13.0,83.86,94.36,-10.5,False
2017,W,3452,3268,56,83,L,0,0.696969696969697,10.0,6.0,0.9375,19.5,3.0,-0.24053030303030298,3.0,-9.5,88.26,96.27,-8.009999999999991,False
2017,W,3177,3280,71,92,L,0,0.7878787878787878,16.0,7.0,0.8787878787878788,16.0,2.0,-0.09090909090909094,5.0,0.0,87.94,94.69,-6.75,False
2017,W,3345,3323,82,88,L,0,0.6470588235294118,10.5,9.0,0.9090909090909091,17.0,1.0,-0.26203208556149726,8.0,-6.5,82.06,101.2,-19.14,False
2017,W,3246,3326,68,82,L,0,0.6774193548387096,8.0,4.0,0.8125,14.0,5.0,-0.13508064516129037,-1.0,-6.0,89.12,90.5,-1.3799999999999955,True
2017,W,3166,3333,52,64,L,0,0.7666666666666667,8.5,7.0,0.8787878787878788,10.0,2.0,-0.11212121212121207,5.0,-1.5,79.96,93.24,-13.280000000000001,False
2017,W,3113,3376,68,71,L,0,0.6129032258064516,6.0,8.0,0.8709677419354839,19.0,1.0,-0.25806451612903225,7.0,-13.0,87.68,100.32,-12.639999999999986,False
2017,W,3301,3400,80,84,L,0,0.7333333333333333,12.0,6.0,0.7419354838709677,10.0,3.0,-0.008602150537634468,3.0,2.0,84.37,94.37,-10.0,False
2017,W,3143,3124,46,86,L,0,0.59375,7.0,9.0,0.9090909090909091,32.0,1.0,-0.31534090909090906,8.0,-25.0,82.52,104.45,-21.930000000000007,False
2017,W,3393,3163,64,94,L,0,0.6774193548387096,16.0,8.0,1.0,38.5,1.0,-0.32258064516129037,7.0,-22.5,89.29,111.43,-22.14,False
2017,W,3397,3257,64,75,L,0,0.6333333333333333,7.5,5.0,0.7941176470588235,15.0,4.0,-0.16078431372549018,1.0,-7.5,88.89,92.24,-3.3499999999999943,False
2017,W,3181,3332,65,74,L,0,0.84375,17.5,2.0,0.6060606060606061,5.0,10.0,0.23768939393939392,-8.0,12.5,90.94,83.06,7.8799999999999955,True
2017,W,3274,3346,78,85,L,0,0.7419354838709677,10.0,4.0,0.8181818181818182,11.0,12.0,-0.07624633431085048,-8.0,-1.0,88.19,77.11,11.079999999999998,True
2017,W,3243,3390,48,69,L,0,0.6875,9.5,7.0,0.8484848484848485,16.0,2.0,-0.1609848484848485,5.0,-6.5,84.48,95.07,-10.58999999999999,False
2017,W,3401,3417,43,75,L,0,0.65625,8.0,5.0,0.7419354838709677,11.0,4.0,-0.08568548387096775,1.0,-3.0,85.97,91.74,-5.769999999999996,False
2017,W,3328,3449,82,108,L,0,0.7096774193548387,8.0,6.0,0.84375,22.5,3.0,-0.13407258064516125,3.0,-14.5,85.68,94.81,-9.129999999999995,False
2017,W,3257,3124,63,97,L,0,0.7941176470588235,15.0,4.0,0.9090909090909091,32.0,1.0,-0.11497326203208558,3.0,-17.0,92.24,104.45,-12.210000000000008,False
2017,W,3449,3280,64,75,L,0,0.84375,22.5,3.0,0.8787878787878788,16.0,2.0,-0.035037878787878785,1.0,6.5,94.81,94.69,0.12000000000000455,False
2017,W,3326,3323,76,99,L,0,0.8125,14.0,5.0,0.9090909090909091,17.0,1.0,-0.09659090909090906,4.0,-3.0,90.5,101.2,-10.700000000000003,False
2017,W,3400,3390,66,77,L,0,0.7419354838709677,10.0,3.0,0.8484848484848485,16.0,2.0,-0.10654936461388076,1.0,-6.0,94.37,95.07,-0.6999999999999886,False
2017,W,3417,3163,71,86,L,0,0.7419354838709677,11.0,4.0,1.0,38.5,1.0,-0.25806451612903225,3.0,-27.5,91.74,111.43,-19.690000000000012,False
2017,W,3333,3199,53,66,L,0,0.8787878787878788,10.0,2.0,0.8064516129032258,19.0,3.0,0.07233626588465303,-1.0,-9.0,93.24,94.36,-1.1200000000000045,True
2017,W,3268,3332,63,77,L,0,0.9375,19.5,3.0,0.6060606060606061,5.0,10.0,0.3314393939393939,-7.0,14.5,96.27,83.06,13.209999999999994,True
2017,W,3346,3376,58,100,L,0,0.8181818181818182,11.0,12.0,0.8709677419354839,19.0,1.0,-0.05278592375366564,11.0,-8.0,77.11,100.32,-23.209999999999994,False
2017,W,3124,3280,85,94,L,0,0.9090909090909091,32.0,1.0,0.8787878787878788,16.0,2.0,0.030303030303030276,-1.0,16.0,104.45,94.69,9.760000000000005,True
2017,W,3323,3390,75,76,L,0,0.9090909090909091,17.0,1.0,0.8484848484848485,16.0,2.0,0.06060606060606055,-1.0,1.0,101.2,95.07,6.13000000000001,True
2017,W,3332,3163,52,90,L,0,0.6060606060606061,5.0,10.0,1.0,38.5,1.0,-0.3939393939393939,9.0,-33.5,83.06,111.43,-28.370000000000005,False
2017,W,3199,3376,64,71,L,0,0.8064516129032258,19.0,3.0,0.8709677419354839,19.0,1.0,-0.06451612903225812,2.0,0.0,94.36,100.32,-5.959999999999994,False
2017,W,3163,3280,64,66,L,0,1.0,38.5,1.0,0.8787878787878788,16.0,2.0,0.12121212121212122,-1.0,22.5,111.43,94.69,16.74000000000001,True
2017,W,3390,3376,53,62,L,0,0.8484848484848485,16.0,2.0,0.8709677419354839,19.0,1.0,-0.022482893450635366,1.0,-3.0,95.07,100.32,-5.25,False
2017,W,3280,3376,55,67,L,0,0.8787878787878788,16.0,2.0,0.8709677419354839,19.0,1.0,0.00782013685239491,1.0,-3.0,94.69,100.32,-5.6299999999999955,False
2018,W,3212,3124,46,96,L,0,0.59375,4.0,15.0,0.96875,29.5,2.0,-0.375,13.0,-25.5,60.58,105.29,-44.71000000000001,False
2018,W,3328,3177,79,90,L,0,0.5333333333333333,3.5,12.0,0.7878787878787878,14.0,5.0,-0.2545454545454545,7.0,-10.5,85.7,89.76,-4.060000000000002,False
2018,W,3129,3257,42,74,L,0,0.7,6.0,16.0,0.9411764705882353,13.0,1.0,-0.24117647058823533,15.0,-7.0,72.44,99.74,-27.299999999999997,False
2018,W,3173,3266,65,84,L,0,0.7931034482758621,9.0,9.0,0.71875,12.5,8.0,0.0743534482758621,1.0,-3.5,79.88,86.9,-7.02000000000001,False
2018,W,3343,3268,57,77,L,0,0.8275862068965517,15.0,12.0,0.78125,13.0,5.0,0.04633620689655171,7.0,2.0,80.84,90.6,-9.759999999999991,False
2018,W,3294,3276,61,75,L,0,0.8125,6.0,10.0,0.7096774193548387,13.0,7.0,0.10282258064516125,3.0,-7.0,76.66,86.86,-10.200000000000003,False
2018,W,3453,3278,77,89,L,0,0.90625,19.5,7.0,0.7419354838709677,10.0,10.0,0.16431451612903225,-3.0,9.5,88.23,83.88,4.3500000000000085,True
2018,W,3189,3301,35,62,L,0,0.7741935483870968,13.0,13.0,0.75,13.0,4.0,0.024193548387096753,9.0,0.0,79.75,87.57,-7.819999999999993,False
2018,W,3169,3323,81,99,L,0,0.5454545454545454,3.0,16.0,0.90625,17.0,1.0,-0.3607954545454546,15.0,-14.0,66.59,101.01,-34.42,False
2018,W,3370,3332,45,88,L,0,0.5625,3.0,15.0,0.8823529411764706,15.5,2.0,-0.31985294117647056,13.0,-12.5,65.92,97.76,-31.840000000000003,False
2018,W,3443,3333,58,82,L,0,0.7419354838709677,14.0,11.0,0.7666666666666667,11.5,6.0,-0.02473118279569897,5.0,2.5,79.3,90.25,-10.950000000000003,False
2018,W,3299,3376,52,63,L,0,0.7241379310344828,7.0,15.0,0.8125,12.5,2.0,-0.08836206896551724,13.0,-5.5,65.27,96.62,-31.35000000000001,False
2018,W,3251,3397,60,100,L,0,0.7096774193548387,12.0,14.0,0.7741935483870968,12.0,3.0,-0.06451612903225801,11.0,0.0,69.68,91.81,-22.129999999999995,False
2018,W,3179,3401,76,89,L,0,0.78125,11.5,13.0,0.7272727272727273,10.0,4.0,0.05397727272727271,9.0,1.5,79.56,88.22,-8.659999999999997,False
2018,W,3355,3437,74,81,L,0,0.8064516129032258,15.0,8.0,0.7333333333333333,5.5,9.0,0.07311827956989247,-1.0,9.5,84.23,81.44,2.7900000000000063,True
2018,W,3143,3438,62,68,L,0,0.6774193548387096,7.0,7.0,0.5806451612903226,2.0,10.0,0.09677419354838701,-3.0,5.0,85.11,81.44,3.6700000000000017,True
2018,W,3304,3113,62,73,L,0,0.6774193548387096,8.0,10.0,0.6363636363636364,11.0,7.0,0.04105571847507328,3.0,-3.0,79.79,87.74,-7.949999999999989,False
2018,W,3378,3138,79,102,L,0,0.7878787878787878,16.0,6.0,0.84375,14.5,11.0,-0.055871212121212155,-5.0,1.5,88.61,81.12,7.489999999999995,True
2018,W,3261,3141,69,78,L,0,0.6785714285714286,4.5,6.0,0.8709677419354839,9.0,11.0,-0.19239631336405527,-5.0,-4.5,83.37,81.36,2.010000000000005,True
2018,W,3384,3163,52,140,L,0,0.71875,10.5,16.0,1.0,34.5,1.0,-0.28125,15.0,-24.0,67.54,112.83,-45.28999999999999,False
2018,W,3234,3166,70,76,L,0,0.7741935483870968,10.0,6.0,0.6,6.0,11.0,0.17419354838709677,-5.0,4.0,85.55,80.95,4.599999999999994,True
2018,W,3125,3181,58,72,L,0,0.9090909090909091,21.0,12.0,0.7333333333333333,13.0,5.0,0.17575757575757578,7.0,8.0,79.98,89.06,-9.079999999999998,False
2018,W,3281,3195,70,80,L,0,0.7741935483870968,9.0,5.0,0.8709677419354839,17.0,12.0,-0.09677419354838712,-7.0,-8.0,87.15,78.55,8.600000000000009,True
2018,W,3114,3199,49,91,L,0,0.71875,9.0,14.0,0.8064516129032258,16.0,3.0,-0.08770161290322576,11.0,-7.0,73.64,92.73,-19.090000000000003,False
2018,W,3273,3208,63,68,L,0,0.9375,15.5,13.0,0.8064516129032258,12.0,4.0,0.13104838709677424,9.0,3.5,78.69,85.65,-6.960000000000008,False
2018,W,3311,3280,50,95,L,0,0.5517241379310345,2.0,16.0,0.9696969696969697,21.0,1.0,-0.41797283176593525,15.0,-19.0,62.81,102.16,-39.349999999999994,False
2018,W,3203,3326,45,87,L,0,0.59375,5.0,14.0,0.8181818181818182,15.0,3.0,-0.22443181818181823,11.0,-10.0,75.17,93.97,-18.799999999999997,False
2018,W,3393,3329,57,84,L,0,0.7333333333333333,8.0,8.0,0.6666666666666666,9.0,9.0,0.06666666666666665,-1.0,-1.0,83.57,86.06,-2.490000000000009,True
2018,W,3274,3346,72,86,L,0,0.6774193548387096,8.0,8.0,0.84375,16.0,9.0,-0.16633064516129037,-1.0,-8.0,84.59,79.85,4.740000000000009,True
2018,W,3211,3390,68,82,L,0,0.84375,14.5,13.0,0.6875,9.5,4.0,0.15625,9.0,5.0,81.47,91.3,-9.829999999999998,False
2018,W,3263,3400,54,83,L,0,0.7,9.0,15.0,0.8125,15.0,2.0,-0.11250000000000004,13.0,-6.0,73.34,98.03,-24.689999999999998,False
2018,W,3110,3417,60,71,L,0,0.8125,9.0,14.0,0.7741935483870968,9.0,3.0,0.03830645161290325,11.0,0.0,71.55,94.98,-23.430000000000007,False
2018,W,3276,3124,58,80,L,0,0.7096774193548387,13.0,7.0,0.96875,29.5,2.0,-0.25907258064516125,5.0,-16.5,86.86,105.29,-18.430000000000007,False
2018,W,3266,3257,72,90,L,0,0.71875,12.5,8.0,0.9411764705882353,13.0,1.0,-0.22242647058823528,7.0,-0.5,86.9,99.74,-12.83999999999999,False
2018,W,3268,3301,60,74,L,0,0.78125,13.0,5.0,0.75,13.0,4.0,0.03125,1.0,0.0,90.6,87.57,3.030000000000001,False
2018,W,3437,3323,72,98,L,0,0.7333333333333333,5.5,9.0,0.90625,17.0,1.0,-0.17291666666666672,8.0,-11.5,81.44,101.01,-19.570000000000007,False
2018,W,3278,3332,73,101,L,0,0.7419354838709677,10.0,10.0,0.8823529411764706,15.5,2.0,-0.1404174573055028,8.0,-5.5,83.88,97.76,-13.88000000000001,False
2018,W,3397,3333,59,66,L,0,0.7741935483870968,12.0,3.0,0.7666666666666667,11.5,6.0,0.007526881720430034,-3.0,0.5,91.81,90.25,1.5600000000000023,True
2018,W,3438,3376,56,66,L,0,0.5806451612903226,2.0,10.0,0.8125,12.5,2.0,-0.23185483870967738,8.0,-10.5,81.44,96.62,-15.180000000000007,False
2018,W,3177,3401,79,80,L,0,0.7878787878787878,14.0,5.0,0.7272727272727273,10.0,4.0,0.06060606060606055,1.0,4.0,89.76,88.22,1.5400000000000063,False
2018,W,3199,3138,65,86,L,0,0.8064516129032258,16.0,3.0,0.84375,14.5,11.0,-0.037298387096774244,-8.0,1.5,92.73,81.12,11.61,True
2018,W,3326,3141,78,95,L,0,0.8181818181818182,15.0,3.0,0.8709677419354839,9.0,11.0,-0.05278592375366564,-8.0,6.0,93.97,81.36,12.61,True
2018,W,3346,3163,46,71,L,0,0.84375,16.0,9.0,1.0,34.5,1.0,-0.15625,8.0,-18.5,79.85,112.83,-32.980000000000004,False
2018,W,3208,3181,40,66,L,0,0.8064516129032258,12.0,4.0,0.7333333333333333,13.0,5.0,0.07311827956989247,-1.0,-1.0,85.65,89.06,-3.4099999999999966,True
2018,W,3329,3280,56,71,L,0,0.6666666666666666,9.0,9.0,0.9696969696969697,21.0,1.0,-0.3030303030303031,8.0,-12.0,86.06,102.16,-16.099999999999994,False
2018,W,3195,3390,70,90,L,0,0.8709677419354839,17.0,12.0,0.6875,9.5,4.0,0.18346774193548387,8.0,7.5,78.55,91.3,-12.75,False
2018,W,3113,3400,65,85,L,0,0.6363636363636364,11.0,7.0,0.8125,15.0,2.0,-0.17613636363636365,5.0,-4.0,87.74,98.03,-10.290000000000006,False
2018,W,3166,3417,64,86,L,0,0.6,6.0,11.0,0.7741935483870968,9.0,3.0,-0.17419354838709677,8.0,-3.0,80.95,94.98,-14.030000000000001,False
2018,W,3390,3257,59,86,L,0,0.6875,9.5,4.0,0.9411764705882353,13.0,1.0,-0.2536764705882353,3.0,-3.5,91.3,99.74,-8.439999999999998,False
2018,W,3301,3280,57,71,L,0,0.75,13.0,4.0,0.9696969696969697,21.0,1.0,-0.21969696969696972,3.0,-8.0,87.57,102.16,-14.590000000000003,False
2018,W,3124,3333,67,72,L,0,0.96875,29.5,2.0,0.7666666666666667,11.5,6.0,0.20208333333333328,-4.0,18.0,105.29,90.25,15.040000000000006,True
2018,W,3400,3417,75,84,L,0,0.8125,15.0,2.0,0.7741935483870968,9.0,3.0,0.03830645161290325,-1.0,6.0,98.03,94.98,3.049999999999997,True
2018,W,3181,3163,59,72,L,0,0.7333333333333333,13.0,5.0,1.0,34.5,1.0,-0.2666666666666667,4.0,-21.5,89.06,112.83,-23.769999999999996,False
2018,W,3401,3323,84,90,L,0,0.7272727272727273,10.0,4.0,0.90625,17.0,1.0,-0.1789772727272727,3.0,-7.0,88.22,101.01,-12.790000000000006,False
2018,W,3141,3332,69,83,L,0,0.8709677419354839,9.0,11.0,0.8823529411764706,15.5,2.0,-0.011385199240986688,9.0,-6.5,81.36,97.76,-16.400000000000006,False
2018,W,3138,3376,63,79,L,0,0.84375,14.5,11.0,0.8125,12.5,2.0,0.03125,9.0,2.0,81.12,96.62,-15.5,False
2018,W,3333,3257,43,76,L,0,0.7666666666666667,11.5,6.0,0.9411764705882353,13.0,1.0,-0.17450980392156856,5.0,-1.5,90.25,99.74,-9.489999999999995,False
2018,W,3417,3280,73,89,L,0,0.7741935483870968,9.0,3.0,0.9696969696969697,21.0,1.0,-0.19550342130987297,2.0,-12.0,94.98,102.16,-7.179999999999993,False
2018,W,3376,3163,65,94,L,0,0.8125,12.5,2.0,1.0,34.5,1.0,-0.1875,1.0,-22.0,96.62,112.83,-16.209999999999994,False
2018,W,3332,3323,74,84,L,0,0.8823529411764706,15.5,2.0,0.90625,17.0,1.0,-0.023897058823529438,1.0,-1.5,97.76,101.01,-3.25,False
2018,W,3257,3280,63,73,L,0,0.9411764705882353,13.0,1.0,0.9696969696969697,21.0,1.0,-0.028520499108734443,0.0,-8.0,99.74,102.16,-2.4200000000000017,False
2018,W,3163,3323,89,91,L,0,1.0,34.5,1.0,0.90625,17.0,1.0,0.09375,0.0,17.5,112.83,101.01,11.819999999999993,True
2018,W,3280,3323,58,61,L,0,0.9696969696969697,21.0,1.0,0.90625,17.0,1.0,0.06344696969696972,0.0,4.0,102.16,101.01,1.1499999999999915,True
2019,W,3416,3113,45,60,L,0,0.8125,8.0,12.0,0.6666666666666666,4.5,5.0,0.14583333333333337,7.0,3.5,79.89,88.31,-8.420000000000002,False
2019,W,3353,3138,71,82,L,0,0.7096774193548387,8.0,7.0,0.71875,8.0,10.0,-0.009072580645161255,-3.0,0.0,83.22,84.43,-1.210000000000008,True
2019,W,3377,3155,66,79,L,0,0.8387096774193549,15.0,8.0,0.6129032258064516,5.0,9.0,0.22580645161290325,-1.0,10.0,82.9,76.62,6.280000000000001,True
2019,W,3406,3163,61,110,L,0,0.625,5.0,15.0,0.9393939393939394,32.0,2.0,-0.31439393939393945,13.0,-27.0,66.57,104.53,-37.96000000000001,False
2019,W,3137,3199,67,70,L,0,0.8484848484848485,18.0,12.0,0.7419354838709677,4.0,5.0,0.10654936461388076,7.0,14.0,76.6,87.07,-10.469999999999999,False
2019,W,3400,3231,65,69,L,0,0.71875,9.0,7.0,0.625,3.0,10.0,0.09375,-3.0,6.0,89.55,81.96,7.590000000000003,True
2019,W,3273,3234,61,66,L,0,0.78125,7.5,15.0,0.8125,14.0,2.0,-0.03125,13.0,-6.5,74.21,92.14,-17.930000000000007,False
2019,W,3352,3257,34,69,L,0,0.6774193548387096,7.0,16.0,0.90625,20.5,1.0,-0.22883064516129037,15.0,-13.5,66.86,99.65,-32.790000000000006,False
2019,W,3349,3266,54,58,L,0,0.9032258064516129,12.0,12.0,0.7878787878787878,23.0,5.0,0.11534701857282503,7.0,-11.0,77.62,92.27,-14.649999999999991,False
2019,W,3195,3274,62,69,L,0,0.8666666666666667,19.0,13.0,0.75,11.0,4.0,0.1166666666666667,9.0,8.0,79.84,87.82,-7.97999999999999,False
2019,W,3243,3276,54,84,L,0,0.65625,8.5,9.0,0.65625,6.5,8.0,0.0,1.0,2.0,81.06,84.84,-3.780000000000001,False
2019,W,3380,3280,46,103,L,0,0.6071428571428571,3.0,16.0,0.9375,27.0,1.0,-0.3303571428571429,15.0,-24.0,61.9,102.18,-40.28000000000001,False
2019,W,3179,3281,76,77,L,0,0.8125,13.5,10.0,0.696969696969697,8.0,7.0,0.11553030303030298,3.0,5.5,81.87,87.4,-5.530000000000001,False
2019,W,3340,3332,40,78,L,0,0.7741935483870968,14.0,15.0,0.875,19.5,2.0,-0.10080645161290325,13.0,-5.5,72.17,100.19,-28.019999999999996,False
2019,W,3125,3376,52,74,L,0,0.8125,17.0,13.0,0.7,8.5,4.0,0.11250000000000004,9.0,8.5,79.97,91.2,-11.230000000000004,False
2019,W,3460,3401,61,84,L,0,0.8125,7.5,13.0,0.7741935483870968,10.0,4.0,0.03830645161290325,9.0,-2.5,76.28,88.25,-11.969999999999999,False
2019,W,3101,3124,38,95,L,0,0.6785714285714286,7.0,16.0,0.96875,23.5,1.0,-0.2901785714285714,15.0,-16.5,65.11,105.81,-40.7,False
2019,W,3120,3140,64,73,L,0,0.7,4.5,10.0,0.8064516129032258,5.0,7.0,-0.1064516129032258,3.0,-0.5,80.68,77.39,3.2900000000000063,False
2019,W,3314,3143,72,92,L,0,0.5625,3.5,9.0,0.6129032258064516,6.0,8.0,-0.050403225806451624,1.0,-2.5,80.36,84.29,-3.930000000000007,False
2019,W,3114,3211,51,68,L,0,0.6774193548387096,4.0,12.0,0.875,17.0,5.0,-0.19758064516129037,7.0,-13.0,74.2,84.76,-10.560000000000002,False
2019,W,3308,3235,61,97,L,0,0.8,7.0,14.0,0.7575757575757576,13.0,3.0,0.042424242424242475,11.0,-6.0,66.98,88.45,-21.47,False
2019,W,3343,3246,77,82,L,0,0.7096774193548387,8.0,11.0,0.7741935483870968,10.0,6.0,-0.06451612903225801,5.0,-2.0,80.23,85.21,-4.97999999999999,False
2019,W,3347,3268,51,73,L,0,0.8064516129032258,10.0,14.0,0.875,14.0,3.0,-0.06854838709677424,11.0,-4.0,70.15,91.47,-21.319999999999993,False
2019,W,3141,3277,87,88,L,0,0.78125,14.0,8.0,0.6451612903225806,9.0,9.0,0.13608870967741937,-1.0,5.0,86.21,83.02,3.1899999999999977,True
2019,W,3177,3283,78,89,L,0,0.7878787878787878,9.0,6.0,0.71875,11.0,11.0,0.06912878787878785,-5.0,-2.0,88.87,78.39,10.480000000000004,True
2019,W,3263,3301,51,63,L,0,0.78125,12.0,14.0,0.8387096774193549,11.0,3.0,-0.05745967741935487,11.0,1.0,75.68,90.16,-14.47999999999999,False
2019,W,3126,3323,50,92,L,0,0.6551724137931034,5.0,16.0,0.9090909090909091,25.0,1.0,-0.25391849529780564,15.0,-20.0,63.54,106.24,-42.699999999999996,False
2019,W,3129,3333,75,80,L,0,0.8666666666666667,10.0,13.0,0.7741935483870968,10.0,4.0,0.09247311827956994,9.0,0.0,75.97,93.35,-17.379999999999995,False
2019,W,3346,3355,65,76,L,0,0.8125,14.0,11.0,0.8125,17.5,6.0,0.0,5.0,-3.5,80.5,86.59,-6.090000000000003,False
2019,W,3413,3390,54,79,L,0,0.8,16.5,15.0,0.875,15.5,2.0,-0.07499999999999996,13.0,1.0,76.81,95.49,-18.679999999999993,False
2019,W,3200,3393,49,70,L,0,0.7575757575757576,9.0,14.0,0.75,9.0,3.0,0.007575757575757569,11.0,0.0,76.21,88.67,-12.460000000000008,False
2019,W,3397,3417,77,89,L,0,0.6129032258064516,6.0,11.0,0.625,5.0,6.0,-0.012096774193548376,5.0,1.0,85.4,89.59,-4.189999999999998,False
2019,W,3274,3113,55,57,L,0,0.75,11.0,4.0,0.6666666666666666,4.5,5.0,0.08333333333333337,-1.0,6.5,87.82,88.31,-0.4900000000000091,True
2019,W,3138,3163,72,84,L,0,0.71875,8.0,10.0,0.9393939393939394,32.0,2.0,-0.22064393939393945,8.0,-24.0,84.43,104.53,-20.099999999999994,False
2019,W,3281,3234,52,68,L,0,0.696969696969697,8.0,7.0,0.8125,14.0,2.0,-0.11553030303030298,5.0,-6.0,87.4,92.14,-4.739999999999995,False
2019,W,3276,3257,50,71,L,0,0.65625,6.5,8.0,0.90625,20.5,1.0,-0.25,7.0,-14.0,84.84,99.65,-14.810000000000002,False
2019,W,3155,3280,61,85,L,0,0.6129032258064516,5.0,9.0,0.9375,27.0,1.0,-0.3245967741935484,8.0,-22.0,76.62,102.18,-25.560000000000002,False
2019,W,3231,3332,68,91,L,0,0.625,3.0,10.0,0.875,19.5,2.0,-0.25,8.0,-16.5,81.96,100.19,-18.230000000000004,False
2019,W,3199,3376,64,72,L,0,0.7419354838709677,4.0,5.0,0.7,8.5,4.0,0.041935483870967794,1.0,-4.5,87.07,91.2,-4.13000000000001,False
2019,W,3266,3401,76,78,L,0,0.7878787878787878,23.0,5.0,0.7741935483870968,10.0,4.0,0.013685239491691092,1.0,13.0,92.27,88.25,4.019999999999996,False
2019,W,3143,3124,63,102,L,0,0.6129032258064516,6.0,8.0,0.96875,23.5,1.0,-0.3558467741935484,7.0,-17.5,84.29,105.81,-21.519999999999996,False
2019,W,3235,3283,60,69,L,0,0.7575757575757576,13.0,3.0,0.71875,11.0,11.0,0.03882575757575757,-8.0,2.0,88.45,78.39,10.060000000000002,True
2019,W,3246,3301,57,72,L,0,0.7741935483870968,10.0,6.0,0.8387096774193549,11.0,3.0,-0.06451612903225812,3.0,-1.0,85.21,90.16,-4.950000000000003,False
2019,W,3277,3323,63,91,L,0,0.6451612903225806,9.0,9.0,0.9090909090909091,25.0,1.0,-0.26392961876832843,8.0,-16.0,83.02,106.24,-23.22,False
2019,W,3211,3333,70,76,L,0,0.875,17.0,5.0,0.7741935483870968,10.0,4.0,0.10080645161290325,1.0,7.0,84.76,93.35,-8.58999999999999,False
2019,W,3393,3355,64,75,L,0,0.75,9.0,3.0,0.8125,17.5,6.0,-0.0625,-3.0,-8.5,88.67,86.59,2.0799999999999983,True
2019,W,3140,3390,63,72,L,0,0.8064516129032258,5.0,7.0,0.875,15.5,2.0,-0.06854838709677424,5.0,-10.5,77.39,95.49,-18.099999999999994,False
2019,W,3268,3417,80,85,L,0,0.875,14.0,3.0,0.625,5.0,6.0,0.25,-3.0,9.0,91.47,89.59,1.8799999999999955,True
2019,W,3417,3163,61,69,L,0,0.625,5.0,6.0,0.9393939393939394,32.0,2.0,-0.31439393939393945,4.0,-27.0,89.59,104.53,-14.939999999999998,False
2019,W,3333,3257,44,61,L,0,0.7741935483870968,10.0,4.0,0.90625,20.5,1.0,-0.13205645161290325,3.0,-10.5,93.35,99.65,-6.300000000000011,False
2019,W,3113,3280,53,76,L,0,0.6666666666666666,4.5,5.0,0.9375,27.0,1.0,-0.27083333333333337,4.0,-22.5,88.31,102.18,-13.870000000000005,False
2019,W,3355,3332,53,63,L,0,0.8125,17.5,6.0,0.875,19.5,2.0,-0.0625,4.0,-2.0,86.59,100.19,-13.599999999999994,False
2019,W,3376,3124,68,93,L,0,0.7,8.5,4.0,0.96875,23.5,1.0,-0.26875000000000004,3.0,-15.0,91.2,105.81,-14.61,False
2019,W,3301,3234,61,79,L,0,0.8387096774193549,11.0,3.0,0.8125,14.0,2.0,0.02620967741935487,1.0,-3.0,90.16,92.14,-1.980000000000004,False
2019,W,3401,3323,80,87,L,0,0.7741935483870968,10.0,4.0,0.9090909090909091,25.0,1.0,-0.1348973607038123,3.0,-15.0,88.25,106.24,-17.989999999999995,False
2019,W,3283,3390,46,55,L,0,0.71875,11.0,11.0,0.875,15.5,2.0,-0.15625,9.0,-4.5,78.39,95.49,-17.099999999999994,False
2019,W,3257,3163,73,80,L,0,0.90625,20.5,1.0,0.9393939393939394,32.0,2.0,-0.03314393939393945,-1.0,-11.5,99.65,104.53,-4.8799999999999955,True
2019,W,3280,3332,84,88,L,0,0.9375,27.0,1.0,0.875,19.5,2.0,0.0625,-1.0,7.5,102.18,100.19,1.990000000000009,True
2019,W,3234,3124,53,85,L,0,0.8125,14.0,2.0,0.96875,23.5,1.0,-0.15625,1.0,-9.5,92.14,105.81,-13.670000000000002,False
2019,W,3390,3323,68,84,L,0,0.875,15.5,2.0,0.9090909090909091,25.0,1.0,-0.03409090909090906,1.0,-9.5,95.49,106.24,-10.75,False
2019,W,3332,3124,67,72,L,0,0.875,19.5,2.0,0.96875,23.5,1.0,-0.09375,1.0,-4.0,100.19,105.81,-5.6200000000000045,False
2019,W,3163,3323,76,81,L,0,0.9393939393939394,32.0,2.0,0.9090909090909091,25.0,1.0,0.030303030303030387,1.0,7.0,104.53,106.24,-1.7099999999999937,False
2019,W,3323,3124,81,82,L,0,0.9090909090909091,25.0,1.0,0.96875,23.5,1.0,-0.05965909090909094,0.0,1.5,106.24,105.81,0.4299999999999926,False
2021,W,3238,3124,52,101,L,0,0.782608695652174,16.0,15.0,0.9259259259259259,24.0,2.0,-0.14331723027375198,13.0,-8.0,68.54,100.75,-32.209999999999994,False
2021,W,3219,3163,59,102,L,0,0.7692307692307693,15.5,16.0,0.96,32.0,1.0,-0.1907692307692307,15.0,-16.5,66.46,104.27,-37.81,False
2021,W,3372,3210,52,54,L,0,0.9166666666666666,27.5,12.0,0.6521739130434783,4.0,5.0,0.26449275362318836,7.0,23.5,81.04,86.1,-5.059999999999988,False
2021,W,3141,3234,72,87,L,0,0.6923076923076923,5.5,12.0,0.6666666666666666,7.0,5.0,0.02564102564102566,7.0,-1.5,77.01,88.15,-11.14,False
2021,W,3226,3246,63,71,L,0,0.875,12.5,13.0,0.68,6.0,4.0,0.19499999999999995,9.0,6.5,76.71,88.96,-12.25,False
2021,W,3195,3276,66,87,L,0,0.9230769230769231,22.0,11.0,0.7368421052631579,10.0,6.0,0.18623481781376527,5.0,12.0,81.37,87.3,-5.929999999999993,False
2021,W,3299,3301,58,79,L,0,0.8666666666666667,16.0,16.0,0.9090909090909091,14.0,1.0,-0.042424242424242364,15.0,2.0,67.23,96.71,-29.47999999999999,False
2021,W,3448,3329,61,84,L,0,0.5,0.5,9.0,0.6923076923076923,13.0,8.0,-0.1923076923076923,1.0,-12.5,82.23,85.51,-3.280000000000001,False
2021,W,3199,3333,59,83,L,0,0.5555555555555556,6.5,9.0,0.5882352941176471,7.0,8.0,-0.0326797385620915,1.0,-0.5,83.63,88.34,-4.710000000000008,False
2021,W,3273,3376,53,79,L,0,0.75,8.5,16.0,0.8461538461538461,15.0,1.0,-0.09615384615384615,15.0,-6.5,66.87,101.83,-34.959999999999994,False
2021,W,3450,3378,53,57,L,0,0.5217391304347826,2.0,9.0,0.8571428571428571,9.0,8.0,-0.3354037267080745,1.0,-7.0,83.63,83.45,0.1799999999999926,False
2021,W,3430,3390,44,87,L,0,0.6666666666666666,8.0,16.0,0.9259259259259259,27.0,1.0,-0.2592592592592593,15.0,-19.0,61.63,106.54,-44.910000000000004,False
2021,W,3355,3393,55,72,L,0,0.875,10.5,9.0,0.6190476190476191,6.0,8.0,0.25595238095238093,1.0,4.5,81.43,85.25,-3.819999999999993,False
2021,W,3292,3397,62,87,L,0,0.7083333333333334,5.0,14.0,0.6956521739130435,8.0,3.0,0.012681159420289911,11.0,-3.0,73.3,89.82,-16.519999999999996,False
2021,W,3266,3439,63,70,L,0,0.76,11.0,10.0,0.6086956521739131,8.0,7.0,0.15130434782608693,3.0,3.0,83.83,85.57,-1.7399999999999949,False
2021,W,3250,3452,53,77,L,0,0.6428571428571429,8.5,13.0,0.7777777777777778,8.0,4.0,-0.13492063492063489,9.0,0.5,70.57,87.72,-17.150000000000006,False
2021,W,3314,3104,71,80,L,0,0.5652173913043478,5.0,10.0,0.64,8.0,7.0,-0.07478260869565223,3.0,-3.0,82.74,84.22,-1.480000000000004,False
2021,W,3392,3112,44,79,L,0,0.75,11.5,14.0,0.7619047619047619,12.0,3.0,-0.011904761904761862,11.0,-0.5,69.69,93.87,-24.180000000000007,False
2021,W,3211,3125,59,64,L,0,0.8846153846153846,16.5,5.0,0.8,12.0,12.0,0.08461538461538454,-7.0,4.5,88.24,75.93,12.309999999999988,True
2021,W,3353,3140,66,69,L,0,0.7777777777777778,16.0,6.0,0.782608695652174,14.0,11.0,-0.004830917874396157,-5.0,2.0,88.28,79.99,8.290000000000006,True
2021,W,3180,3208,53,67,L,0,0.6363636363636364,4.5,14.0,0.7692307692307693,11.0,3.0,-0.13286713286713292,11.0,-6.5,71.26,89.58,-18.319999999999993,False
2021,W,3433,3231,32,63,L,0,0.6,3.0,13.0,0.782608695652174,13.0,4.0,-0.18260869565217397,9.0,-10.0,73.65,92.59,-18.939999999999998,False
2021,W,3277,3235,75,79,L,0,0.6521739130434783,8.0,10.0,0.6153846153846154,3.0,7.0,0.03678929765886285,3.0,5.0,83.41,88.03,-4.6200000000000045,False
2021,W,3265,3257,43,74,L,0,0.8571428571428571,16.0,15.0,0.8846153846153846,16.0,2.0,-0.027472527472527486,13.0,0.0,71.02,96.01,-24.99000000000001,False
2021,W,3291,3268,45,98,L,0,0.7272727272727273,13.5,15.0,0.9230769230769231,21.0,2.0,-0.19580419580419584,13.0,-7.5,65.36,99.95,-34.59,False
2021,W,3413,3283,51,70,L,0,0.8666666666666667,12.0,12.0,0.9090909090909091,12.5,5.0,-0.042424242424242364,7.0,-0.5,73.69,87.23,-13.540000000000006,False
2021,W,3416,3321,51,62,L,0,0.8,9.5,10.0,0.6521739130434783,10.0,7.0,0.14782608695652177,3.0,-0.5,81.85,87.52,-5.670000000000002,False
2021,W,3377,3332,47,67,L,0,0.782608695652174,17.0,11.0,0.6190476190476191,8.0,6.0,0.16356107660455488,5.0,9.0,83.52,92.67,-9.150000000000006,False
2021,W,3133,3400,62,81,L,0,0.5925925925925926,5.0,11.0,0.6666666666666666,10.0,6.0,-0.07407407407407407,5.0,-5.0,76.78,86.82,-10.039999999999992,False
2021,W,3407,3401,80,84,L,0,0.8,13.0,15.0,0.92,12.0,2.0,-0.12,13.0,1.0,72.97,93.54,-20.570000000000007,False
2021,W,3461,3417,48,69,L,0,0.6086956521739131,3.0,14.0,0.7619047619047619,9.0,3.0,-0.15320910973084878,11.0,-6.0,72.71,95.27,-22.560000000000002,False
2021,W,3116,3460,62,66,L,0,0.7037037037037037,5.0,4.0,0.72,10.0,13.0,-0.016296296296296253,-9.0,-5.0,89.61,74.17,15.439999999999998,True
2021,W,3439,3124,48,90,L,0,0.6086956521739131,8.0,7.0,0.9259259259259259,24.0,2.0,-0.31723027375201285,5.0,-16.0,85.57,100.75,-15.180000000000007,False
2021,W,3393,3163,47,83,L,0,0.6190476190476191,6.0,8.0,0.96,32.0,1.0,-0.3409523809523809,7.0,-26.0,85.25,104.27,-19.019999999999996,False
2021,W,3452,3210,56,73,L,0,0.7777777777777778,8.0,4.0,0.6521739130434783,4.0,5.0,0.12560386473429952,-1.0,4.0,87.72,86.1,1.6200000000000045,True
2021,W,3246,3234,72,86,L,0,0.68,6.0,4.0,0.6666666666666666,7.0,5.0,0.01333333333333342,-1.0,-1.0,88.96,88.15,0.8099999999999881,True
2021,W,3397,3276,55,70,L,0,0.6956521739130435,8.0,3.0,0.7368421052631579,10.0,6.0,-0.041189931350114395,-3.0,-2.0,89.82,87.3,2.519999999999996,True
2021,W,3378,3301,67,79,L,0,0.8571428571428571,9.0,8.0,0.9090909090909091,14.0,1.0,-0.051948051948051965,7.0,-5.0,83.45,96.71,-13.259999999999991,False
2021,W,3333,3376,42,59,L,0,0.5882352941176471,7.0,8.0,0.8461538461538461,15.0,1.0,-0.25791855203619907,7.0,-8.0,88.34,101.83,-13.489999999999995,False
2021,W,3329,3390,62,73,L,0,0.6923076923076923,13.0,8.0,0.9259259259259259,27.0,1.0,-0.23361823361823364,7.0,-14.0,85.51,106.54,-21.03,False
2021,W,3140,3112,46,52,L,0,0.782608695652174,14.0,11.0,0.7619047619047619,12.0,3.0,0.020703933747412084,8.0,2.0,79.99,93.87,-13.88000000000001,False
2021,W,3125,3231,48,70,L,0,0.8,12.0,12.0,0.782608695652174,13.0,4.0,0.017391304347826098,8.0,-1.0,75.93,92.59,-16.659999999999997,False
2021,W,3321,3257,53,62,L,0,0.6521739130434783,10.0,7.0,0.8846153846153846,16.0,2.0,-0.2324414715719063,5.0,-6.0,87.52,96.01,-8.490000000000009,False
2021,W,3104,3268,64,100,L,0,0.64,8.0,7.0,0.9230769230769231,21.0,2.0,-0.2830769230769231,5.0,-13.0,84.22,99.95,-15.730000000000004,False
2021,W,3460,3283,39,64,L,0,0.72,10.0,13.0,0.9090909090909091,12.5,5.0,-0.1890909090909091,8.0,-2.5,74.17,87.23,-13.060000000000002,False
2021,W,3208,3332,50,57,L,0,0.7692307692307693,11.0,3.0,0.6190476190476191,8.0,6.0,0.1501831501831502,-3.0,3.0,89.58,92.67,-3.0900000000000034,True
2021,W,3417,3400,62,71,L,0,0.7619047619047619,9.0,3.0,0.6666666666666666,10.0,6.0,0.09523809523809523,-3.0,-1.0,95.27,86.82,8.450000000000003,True
2021,W,3235,3401,82,84,L,0,0.6153846153846154,3.0,7.0,0.92,12.0,2.0,-0.3046153846153846,5.0,-9.0,88.03,93.54,-5.510000000000005,False
2021,W,3401,3112,59,74,L,0,0.92,12.0,2.0,0.7619047619047619,12.0,3.0,0.15809523809523818,-1.0,0.0,93.54,93.87,-0.3299999999999983,True
2021,W,3276,3124,75,78,L,0,0.7368421052631579,10.0,6.0,0.9259259259259259,24.0,2.0,-0.18908382066276808,4.0,-14.0,87.3,100.75,-13.450000000000003,False
2021,W,3234,3163,72,92,L,0,0.6666666666666666,7.0,5.0,0.96,32.0,1.0,-0.29333333333333333,4.0,-25.0,88.15,104.27,-16.11999999999999,False
2021,W,3301,3231,70,73,L,0,0.9090909090909091,14.0,1.0,0.782608695652174,13.0,4.0,0.1264822134387351,-3.0,1.0,96.71,92.59,4.11999999999999,True
2021,W,3332,3257,42,60,L,0,0.6190476190476191,8.0,6.0,0.8846153846153846,16.0,2.0,-0.2655677655677655,4.0,-8.0,92.67,96.01,-3.3400000000000034,False
2021,W,3210,3376,65,76,L,0,0.6521739130434783,4.0,5.0,0.8461538461538461,15.0,1.0,-0.19397993311036787,4.0,-11.0,86.1,101.83,-15.730000000000004,False
2021,W,3283,3390,62,89,L,0,0.9090909090909091,12.5,5.0,0.9259259259259259,27.0,1.0,-0.01683501683501687,4.0,-14.5,87.23,106.54,-19.310000000000002,False
2021,W,3268,3400,61,64,L,0,0.9230769230769231,21.0,2.0,0.6666666666666666,10.0,6.0,0.2564102564102565,-4.0,11.0,99.95,86.82,13.13000000000001,True
2021,W,3231,3112,53,66,L,0,0.782608695652174,13.0,4.0,0.7619047619047619,12.0,3.0,0.020703933747412084,1.0,1.0,92.59,93.87,-1.2800000000000011,False
2021,W,3124,3163,67,69,L,0,0.9259259259259259,24.0,2.0,0.96,32.0,1.0,-0.034074074074074034,1.0,-8.0,100.75,104.27,-3.519999999999996,False
2021,W,3400,3376,34,62,L,0,0.6666666666666666,10.0,6.0,0.8461538461538461,15.0,1.0,-0.17948717948717952,5.0,-5.0,86.82,101.83,-15.010000000000005,False
2021,W,3257,3390,63,78,L,0,0.8846153846153846,16.0,2.0,0.9259259259259259,27.0,1.0,-0.04131054131054135,1.0,-11.0,96.01,106.54,-10.530000000000001,False
2021,W,3163,3112,59,69,L,0,0.96,32.0,1.0,0.7619047619047619,12.0,3.0,0.1980952380952381,-2.0,20.0,104.27,93.87,10.399999999999991,True
2021,W,3376,3390,65,66,L,0,0.8461538461538461,15.0,1.0,0.9259259259259259,27.0,1.0,-0.07977207977207978,0.0,-12.0,101.83,106.54,-4.710000000000008,False
2021,W,3112,3390,53,54,L,0,0.7619047619047619,12.0,3.0,0.9259259259259259,27.0,1.0,-0.16402116402116407,2.0,-15.0,93.87,106.54,-12.670000000000002,False
2022,W,3177,3173,57,88,L,0,0.6875,10.0,11.0,0.8333333333333334,10.0,11.0,-0.14583333333333337,0.0,0.0,80.54,83.11,-2.569999999999993,False
2022,W,3230,3224,51,55,L,0,0.4074074074074074,-5.0,16.0,0.6785714285714286,5.0,16.0,-0.2711640211640212,0.0,-10.0,58.31,64.18,-5.8700000000000045,False
2022,W,3291,3255,70,74,L,0,0.5384615384615384,8.5,16.0,0.65625,5.0,16.0,-0.11778846153846156,0.0,3.5,63.48,68.38,-4.899999999999999,False
2022,W,3199,3283,50,61,L,0,0.5666666666666667,4.0,11.0,0.7666666666666667,8.5,11.0,-0.20000000000000007,0.0,-4.5,81.39,81.86,-0.46999999999999886,False
2022,W,3218,3124,49,89,L,0,0.6896551724137931,7.0,15.0,0.8181818181818182,16.0,2.0,-0.12852664576802508,13.0,-9.0,70.23,96.65,-26.42,False
2022,W,3160,3166,74,84,L,0,0.7333333333333333,11.5,7.0,0.6896551724137931,9.0,10.0,0.04367816091954013,-3.0,2.5,84.25,82.22,2.030000000000001,True
2022,W,3439,3195,81,84,L,0,0.71875,10.5,5.0,0.9285714285714286,16.5,12.0,-0.2098214285714286,-7.0,-6.0,89.97,83.19,6.780000000000001,True
2022,W,3173,3208,54,70,L,0,0.8333333333333334,10.0,11.0,0.6896551724137931,4.0,6.0,0.14367816091954022,5.0,6.0,83.11,85.57,-2.4599999999999937,False
2022,W,3304,3211,55,68,L,0,0.75,13.0,8.0,0.8125,12.5,9.0,-0.0625,-1.0,0.5,85.26,87.36,-2.0999999999999943,True
2022,W,3229,3234,58,98,L,0,0.5806451612903226,4.0,15.0,0.7666666666666667,10.0,2.0,-0.1860215053763441,13.0,-6.0,73.52,93.5,-19.980000000000004,False
2022,W,3426,3235,71,78,L,0,0.7407407407407407,5.0,14.0,0.8125,16.0,3.0,-0.0717592592592593,11.0,-11.0,73.23,91.86,-18.629999999999995,False
2022,W,3210,3242,58,77,L,0,0.6774193548387096,8.0,9.0,0.6896551724137931,9.0,8.0,-0.012235817575083519,1.0,-1.0,85.27,81.99,3.280000000000001,False
2022,W,3107,3257,51,83,L,0,0.7096774193548387,9.0,16.0,0.8620689655172413,13.0,1.0,-0.15239154616240258,15.0,-4.0,67.45,97.4,-29.950000000000003,False
2022,W,3174,3268,71,102,L,0,0.7666666666666667,9.0,13.0,0.7241379310344828,12.0,4.0,0.042528735632183956,9.0,-3.0,76.21,91.32,-15.11,False
2022,W,3378,3274,66,78,L,0,0.75,8.0,9.0,0.625,5.5,8.0,0.125,1.0,2.5,83.73,83.11,0.6200000000000045,False
2022,W,3224,3376,21,79,L,0,0.6785714285714286,5.0,16.0,0.9354838709677419,17.0,1.0,-0.2569124423963133,15.0,-12.0,64.18,106.36,-42.17999999999999,False
2022,W,3279,3377,61,75,L,0,0.7419354838709677,14.0,7.0,0.8387096774193549,20.0,10.0,-0.09677419354838712,-3.0,-6.0,86.46,84.72,1.7399999999999949,True
2022,W,3286,3390,37,78,L,0,0.625,6.0,16.0,0.9032258064516129,17.0,1.0,-0.2782258064516129,15.0,-11.0,69.64,101.83,-32.19,False
2022,W,3193,3400,52,70,L,0,0.8064516129032258,9.0,15.0,0.8125,14.5,2.0,-0.006048387096774244,13.0,-5.5,72.91,95.21,-22.299999999999997,False
2022,W,3116,3428,69,92,L,0,0.5806451612903226,7.0,10.0,0.6451612903225806,6.0,7.0,-0.06451612903225801,3.0,1.0,83.4,83.14,0.2600000000000051,False
2022,W,3424,3112,67,72,L,0,0.8125,10.0,13.0,0.7407407407407407,9.0,4.0,0.0717592592592593,9.0,1.0,76.65,87.1,-10.449999999999989,False
2022,W,3332,3125,70,73,L,0,0.6333333333333333,4.5,5.0,0.7586206896551724,14.0,12.0,-0.12528735632183907,-7.0,-9.5,89.36,80.24,9.120000000000005,True
2022,W,3273,3163,38,83,L,0,0.7931034482758621,9.0,15.0,0.8333333333333334,19.5,2.0,-0.04022988505747127,13.0,-10.5,73.84,98.35,-24.50999999999999,False
2022,W,3150,3231,51,85,L,0,0.7096774193548387,5.0,14.0,0.7333333333333333,9.0,3.0,-0.023655913978494536,11.0,-4.0,75.98,91.08,-15.099999999999994,False
2022,W,3450,3243,40,50,L,0,0.6551724137931034,5.0,8.0,0.6129032258064516,9.0,9.0,0.0422691879866518,-1.0,-4.0,80.76,82.22,-1.4599999999999937,True
2022,W,3238,3261,77,83,L,0,0.7931034482758621,16.0,14.0,0.8333333333333334,9.0,3.0,-0.04022988505747127,11.0,7.0,75.51,88.09,-12.579999999999998,False
2022,W,3110,3276,39,74,L,0,0.7419354838709677,8.0,14.0,0.7857142857142857,12.0,3.0,-0.04377880184331795,11.0,-4.0,69.26,90.12,-20.86,False
2022,W,3255,3301,68,96,L,0,0.65625,5.0,16.0,0.90625,20.5,1.0,-0.25,15.0,-15.5,68.38,101.78,-33.400000000000006,False
2022,W,3372,3314,66,79,L,0,0.8666666666666667,17.5,12.0,0.7931034482758621,16.0,5.0,0.0735632183908046,7.0,1.5,81.68,90.85,-9.169999999999987,False
2022,W,3269,3323,78,89,L,0,0.8125,9.0,12.0,0.7333333333333333,11.5,5.0,0.07916666666666672,7.0,-2.5,79.69,87.32,-7.6299999999999955,False
2022,W,3283,3326,56,63,L,0,0.7666666666666667,8.5,11.0,0.7931034482758621,12.0,6.0,-0.02643678160919538,5.0,-3.5,81.86,87.24,-5.3799999999999955,False
2022,W,3237,3328,72,78,L,0,0.8571428571428571,16.0,13.0,0.75,6.5,4.0,0.1071428571428571,9.0,9.5,79.3,86.15,-6.8500000000000085,False
2022,W,3246,3343,62,69,L,0,0.6333333333333333,7.5,6.0,0.8518518518518519,20.0,11.0,-0.21851851851851856,-5.0,-12.5,88.13,85.61,2.519999999999996,True
2022,W,3138,3397,67,80,L,0,0.7575757575757576,8.0,13.0,0.7419354838709677,10.0,4.0,0.01564027370478982,9.0,-2.0,80.26,89.1,-8.83999999999999,False
2022,W,3196,3416,52,69,L,0,0.6774193548387096,6.0,10.0,0.8928571428571429,12.5,7.0,-0.21543778801843327,3.0,-6.5,81.32,87.39,-6.070000000000007,False
2022,W,3140,3437,57,61,L,0,0.896551724137931,22.0,6.0,0.7419354838709677,9.0,11.0,0.1546162402669633,-5.0,13.0,88.95,78.78,10.170000000000002,True
2022,W,3234,3166,62,64,L,0,0.7666666666666667,10.0,2.0,0.6896551724137931,9.0,10.0,0.07701149425287357,-8.0,1.0,93.5,82.22,11.280000000000001,True
2022,W,3208,3235,44,67,L,0,0.6896551724137931,4.0,6.0,0.8125,16.0,3.0,-0.12284482758620685,3.0,-12.0,85.57,91.86,-6.290000000000006,False
2022,W,3211,3257,59,68,L,0,0.8125,12.5,9.0,0.8620689655172413,13.0,1.0,-0.049568965517241326,8.0,-0.5,87.36,97.4,-10.040000000000006,False
2022,W,3195,3268,65,89,L,0,0.9285714285714286,16.5,12.0,0.7241379310344828,12.0,4.0,0.20443349753694584,8.0,4.5,83.19,91.32,-8.129999999999995,False
2022,W,3274,3376,33,49,L,0,0.625,5.5,8.0,0.9354838709677419,17.0,1.0,-0.3104838709677419,7.0,-11.5,83.11,106.36,-23.25,False
2022,W,3124,3377,47,61,L,0,0.8181818181818182,16.0,2.0,0.8387096774193549,20.0,10.0,-0.02052785923753664,-8.0,-4.0,96.65,84.72,11.930000000000007,True
2022,W,3242,3390,65,91,L,0,0.6896551724137931,9.0,8.0,0.9032258064516129,17.0,1.0,-0.21357063403781973,7.0,-8.0,81.99,101.83,-19.840000000000003,False
2022,W,3428,3400,56,78,L,0,0.6451612903225806,6.0,7.0,0.8125,14.5,2.0,-0.16733870967741937,5.0,-8.5,83.14,95.21,-12.069999999999993,False
2022,W,3416,3163,47,52,L,0,0.8928571428571429,12.5,7.0,0.8333333333333334,19.5,2.0,0.059523809523809534,5.0,-7.0,87.39,98.35,-10.959999999999994,False
2022,W,3343,3231,55,56,L,0,0.8518518518518519,20.0,11.0,0.7333333333333333,9.0,3.0,0.11851851851851858,8.0,11.0,85.61,91.08,-5.469999999999999,False
2022,W,3437,3276,49,64,L,0,0.7419354838709677,9.0,11.0,0.7857142857142857,12.0,3.0,-0.04377880184331795,8.0,-3.0,78.78,90.12,-11.340000000000003,False
2022,W,3243,3301,57,89,L,0,0.6129032258064516,9.0,9.0,0.90625,20.5,1.0,-0.2933467741935484,8.0,-11.5,82.22,101.78,-19.560000000000002,False
2022,W,3112,3314,45,63,L,0,0.7407407407407407,9.0,4.0,0.7931034482758621,16.0,5.0,-0.0523627075351214,-1.0,-7.0,87.1,90.85,-3.75,True
2022,W,3328,3323,64,108,L,0,0.75,6.5,4.0,0.7333333333333333,11.5,5.0,0.01666666666666672,-1.0,-5.0,86.15,87.32,-1.1699999999999875,True
2022,W,3261,3326,64,79,L,0,0.8333333333333334,9.0,3.0,0.7931034482758621,12.0,6.0,0.04022988505747127,-3.0,-3.0,88.09,87.24,0.8500000000000085,True
2022,W,3125,3397,67,70,L,0,0.7586206896551724,14.0,12.0,0.7419354838709677,10.0,4.0,0.016685205784204626,8.0,4.0,80.24,89.1,-8.86,False
2022,W,3235,3166,68,76,L,0,0.8125,16.0,3.0,0.6896551724137931,9.0,10.0,0.12284482758620685,-7.0,7.0,91.86,82.22,9.64,True
2022,W,3314,3376,61,69,L,0,0.7931034482758621,16.0,5.0,0.9354838709677419,17.0,1.0,-0.14238042269187978,4.0,-1.0,90.85,106.36,-15.510000000000005,False
2022,W,3268,3390,66,72,L,0,0.7241379310344828,12.0,4.0,0.9032258064516129,17.0,1.0,-0.17908787541713012,3.0,-5.0,91.32,101.83,-10.510000000000005,False
2022,W,3326,3400,63,66,L,0,0.7931034482758621,12.0,6.0,0.8125,14.5,2.0,-0.0193965517241379,4.0,-2.5,87.24,95.21,-7.969999999999999,False
2022,W,3231,3163,58,75,L,0,0.7333333333333333,9.0,3.0,0.8333333333333334,19.5,2.0,-0.10000000000000009,1.0,-10.5,91.08,98.35,-7.269999999999996,False
2022,W,3397,3257,64,76,L,0,0.7419354838709677,10.0,4.0,0.8620689655172413,13.0,1.0,-0.12013348164627358,3.0,-3.0,89.1,97.4,-8.300000000000011,False
2022,W,3377,3276,49,52,L,0,0.8387096774193549,20.0,10.0,0.7857142857142857,12.0,3.0,0.05299539170506917,7.0,8.0,84.72,90.12,-5.400000000000006,False
2022,W,3323,3301,63,66,L,0,0.7333333333333333,11.5,5.0,0.90625,20.5,1.0,-0.17291666666666672,4.0,-9.0,87.32,101.78,-14.460000000000008,False
2022,W,3166,3376,50,80,L,0,0.6896551724137931,9.0,10.0,0.9354838709677419,17.0,1.0,-0.24582869855394873,9.0,-8.0,82.22,106.36,-24.14,False
2022,W,3400,3390,50,59,L,0,0.8125,14.5,2.0,0.9032258064516129,17.0,1.0,-0.09072580645161288,1.0,-2.5,95.21,101.83,-6.6200000000000045,False
2022,W,3301,3163,87,91,L,0,0.90625,20.5,1.0,0.8333333333333334,19.5,2.0,0.07291666666666663,-1.0,1.0,101.78,98.35,3.430000000000007,True
2022,W,3276,3257,50,62,L,0,0.7857142857142857,12.0,3.0,0.8620689655172413,13.0,1.0,-0.07635467980295563,2.0,-1.0,90.12,97.4,-7.280000000000001,False
2022,W,3390,3163,58,63,L,0,0.9032258064516129,17.0,1.0,0.8333333333333334,19.5,2.0,0.06989247311827951,-1.0,-2.5,101.83,98.35,3.480000000000004,True
2022,W,3257,3376,59,72,L,0,0.8620689655172413,13.0,1.0,0.9354838709677419,17.0,1.0,-0.07341490545050056,0.0,-4.0,97.4,106.36,-8.959999999999994,False
2022,W,3163,3376,49,64,L,0,0.8333333333333334,19.5,2.0,0.9354838709677419,17.0,1.0,-0.10215053763440851,1.0,2.5,98.35,106.36,-8.010000000000005,False
2023,W,3228,3280,56,70,L,0,0.7096774193548387,10.0,11.0,0.6666666666666666,14.0,11.0,0.043010752688172116,0.0,-4.0,79.8,83.33,-3.530000000000001,True
2023,W,3380,3357,47,57,L,0,0.5333333333333333,1.5,16.0,0.5666666666666667,6.0,16.0,-0.033333333333333326,0.0,-4.5,61.73,59.94,1.7899999999999991,False
2023,W,3345,3385,64,66,L,0,0.6551724137931034,8.0,11.0,0.7333333333333333,6.5,11.0,-0.07816091954022986,0.0,1.5,81.65,78.1,3.5500000000000114,False
2023,W,3284,3399,69,79,L,0,0.53125,1.5,16.0,0.6896551724137931,6.0,16.0,-0.15840517241379315,0.0,-4.5,64.1,66.81,-2.710000000000008,False
2023,W,3452,3112,62,75,L,0,0.6333333333333333,7.0,10.0,0.7,9.0,7.0,-0.06666666666666665,3.0,-2.0,81.82,87.05,-5.230000000000004,False
2023,W,3199,3208,54,66,L,0,0.71875,8.0,7.0,0.65625,10.5,10.0,0.0625,-3.0,-2.5,86.22,85.4,0.8199999999999932,True
2023,W,3368,3234,43,95,L,0,0.6785714285714286,8.0,15.0,0.8125,13.5,2.0,-0.1339285714285714,13.0,-5.5,66.27,97.19,-30.92,False
2023,W,3218,3261,50,73,L,0,0.5625,3.0,14.0,0.9333333333333333,22.0,3.0,-0.37083333333333335,11.0,-19.0,69.63,96.14,-26.510000000000005,False
2023,W,3221,3268,61,93,L,0,0.7419354838709677,7.0,15.0,0.8064516129032258,11.0,2.0,-0.06451612903225801,13.0,-4.0,67.66,93.6,-25.939999999999998,False
2023,W,3424,3276,59,71,L,0,0.9375,13.5,11.0,0.7096774193548387,10.0,6.0,0.22782258064516125,5.0,3.5,80.95,87.77,-6.819999999999993,False
2023,W,3211,3279,48,71,L,0,0.875,12.0,9.0,0.7419354838709677,14.0,8.0,0.13306451612903225,1.0,-2.0,84.68,87.34,-2.6599999999999966,False
2023,W,3166,3280,66,81,L,0,0.7333333333333333,10.5,6.0,0.6666666666666666,14.0,11.0,0.06666666666666665,-5.0,-3.5,88.66,83.33,5.329999999999998,True
2023,W,3381,3323,56,82,L,0,0.7,5.0,14.0,0.8333333333333334,13.5,3.0,-0.13333333333333341,11.0,-8.5,69.71,93.82,-24.11,False
2023,W,3301,3343,63,64,L,0,0.6451612903225806,9.0,7.0,0.8214285714285714,14.5,10.0,-0.17626728110599077,-3.0,-5.5,89.4,83.69,5.710000000000008,True
2023,W,3425,3355,57,62,L,0,0.7,7.5,8.0,0.8484848484848485,22.0,9.0,-0.14848484848484855,-1.0,-14.5,84.52,85.75,-1.230000000000004,True
2023,W,3313,3376,40,72,L,0,0.8064516129032258,11.0,16.0,1.0,28.0,1.0,-0.19354838709677424,15.0,-17.0,66.68,110.03,-43.349999999999994,False
2023,W,3266,3378,65,67,L,0,0.6774193548387096,9.0,9.0,0.8125,9.5,8.0,-0.13508064516129037,1.0,-0.5,82.79,83.98,-1.1899999999999977,False
2023,W,3357,3390,49,92,L,0,0.5666666666666667,6.0,16.0,0.8484848484848485,13.0,1.0,-0.28181818181818186,15.0,-7.0,59.94,100.55,-40.61,False
2023,W,3205,3428,77,103,L,0,0.8787878787878788,12.0,15.0,0.8620689655172413,10.0,2.0,0.01671891327063746,13.0,2.0,69.9,92.15,-22.25,False
2023,W,3151,3439,33,58,L,0,0.6,6.0,16.0,0.8709677419354839,13.0,1.0,-0.2709677419354839,15.0,-7.0,64.87,95.72,-30.849999999999994,False
2023,W,3104,3124,74,78,L,0,0.6666666666666666,7.0,10.0,0.6129032258064516,6.0,7.0,0.053763440860215006,3.0,1.0,82.91,86.61,-3.700000000000003,False
2023,W,3292,3160,60,82,L,0,0.875,18.0,11.0,0.7419354838709677,8.0,6.0,0.13306451612903225,5.0,10.0,82.91,87.25,-4.340000000000003,False
2023,W,3436,3163,52,95,L,0,0.8,7.5,15.0,0.8529411764705882,12.0,2.0,-0.05294117647058816,13.0,-4.5,67.45,98.59,-31.14,False
2023,W,3233,3181,49,89,L,0,0.8125,9.0,14.0,0.8064516129032258,12.0,3.0,0.006048387096774244,11.0,-3.0,67.49,90.13,-22.64,False
2023,W,3450,3195,63,74,L,0,0.696969696969697,7.0,5.0,0.9090909090909091,19.0,12.0,-0.21212121212121204,-7.0,-12.0,86.55,82.94,3.6099999999999994,True
2023,W,3399,3231,47,77,L,0,0.6896551724137931,6.0,16.0,0.9,15.5,1.0,-0.21034482758620687,15.0,-9.5,66.81,98.7,-31.89,False
2023,W,3179,3257,81,83,L,0,0.7096774193548387,17.0,12.0,0.6764705882352942,8.0,5.0,0.03320683111954459,7.0,9.0,80.27,91.45,-11.180000000000007,False
2023,W,3329,3274,61,62,L,0,0.65625,6.5,8.0,0.6129032258064516,5.0,9.0,0.043346774193548376,-1.0,1.5,83.17,83.49,-0.3199999999999932,True
2023,W,3385,3314,59,61,L,0,0.7333333333333333,6.5,11.0,0.6774193548387096,10.0,6.0,0.05591397849462365,5.0,-3.5,78.1,89.69,-11.590000000000003,False
2023,W,3241,3326,66,80,L,0,0.78125,6.5,14.0,0.78125,12.0,3.0,0.0,11.0,-5.5,73.16,91.03,-17.870000000000005,False
2023,W,3339,3328,63,85,L,0,0.7241379310344828,10.0,12.0,0.8064516129032258,10.0,5.0,-0.082313681868743,7.0,0.0,77.99,87.9,-9.91000000000001,False
2023,W,3387,3397,50,95,L,0,0.5,0.0,13.0,0.6764705882352942,10.5,4.0,-0.17647058823529416,9.0,-10.5,71.98,93.45,-21.47,False
2023,W,3187,3400,40,79,L,0,0.71875,8.5,13.0,0.7352941176470589,13.5,4.0,-0.016544117647058876,9.0,-5.0,75.4,94.62,-19.22,False
2023,W,3235,3405,73,80,L,0,0.7096774193548387,10.0,5.0,0.875,10.5,12.0,-0.16532258064516125,-7.0,-0.5,91.57,79.99,11.579999999999998,True
2023,W,3170,3417,45,67,L,0,0.78125,9.5,13.0,0.7352941176470589,8.0,4.0,0.045955882352941124,9.0,1.5,72.81,88.67,-15.86,False
2023,W,3156,3437,59,76,L,0,0.8823529411764706,18.0,13.0,0.8235294117647058,13.0,4.0,0.05882352941176472,9.0,5.0,77.38,88.55,-11.170000000000002,False
2023,W,3208,3234,66,74,L,0,0.65625,10.5,10.0,0.8125,13.5,2.0,-0.15625,8.0,-3.0,85.4,97.19,-11.789999999999992,False
2023,W,3276,3261,42,66,L,0,0.7096774193548387,10.0,6.0,0.9333333333333333,22.0,3.0,-0.2236559139784946,3.0,-12.0,87.77,96.14,-8.370000000000005,False
2023,W,3112,3268,64,77,L,0,0.7,9.0,7.0,0.8064516129032258,11.0,2.0,-0.1064516129032258,5.0,-2.0,87.05,93.6,-6.549999999999997,False
2023,W,3390,3279,49,54,L,0,0.8484848484848485,13.0,1.0,0.7419354838709677,14.0,8.0,0.10654936461388076,-7.0,-1.0,100.55,87.34,13.209999999999994,True
2023,W,3280,3323,48,53,L,0,0.6666666666666666,14.0,11.0,0.8333333333333334,13.5,3.0,-0.16666666666666674,8.0,0.5,83.33,93.82,-10.489999999999995,False
2023,W,3378,3376,45,76,L,0,0.8125,9.5,8.0,1.0,28.0,1.0,-0.1875,7.0,-18.5,83.98,110.03,-26.049999999999997,False
2023,W,3343,3428,56,63,L,0,0.8214285714285714,14.5,10.0,0.8620689655172413,10.0,2.0,-0.04064039408866993,8.0,4.5,83.69,92.15,-8.460000000000008,False
2023,W,3355,3439,60,72,L,0,0.8484848484848485,22.0,9.0,0.8709677419354839,13.0,1.0,-0.022482893450635366,8.0,9.0,85.75,95.72,-9.969999999999999,False
2023,W,3181,3160,53,61,L,0,0.8064516129032258,12.0,3.0,0.7419354838709677,8.0,6.0,0.06451612903225801,-3.0,4.0,90.13,87.25,2.8799999999999955,True
2023,W,3124,3163,58,77,L,0,0.6129032258064516,6.0,7.0,0.8529411764705882,12.0,2.0,-0.24003795066413658,5.0,-6.0,86.61,98.59,-11.980000000000004,False
2023,W,3400,3257,51,73,L,0,0.7352941176470589,13.5,4.0,0.6764705882352942,8.0,5.0,0.05882352941176472,-1.0,5.5,94.62,91.45,3.1700000000000017,True
2023,W,3231,3274,68,70,L,0,0.9,15.5,1.0,0.6129032258064516,5.0,9.0,0.2870967741935484,-8.0,10.5,98.7,83.49,15.210000000000008,True
2023,W,3314,3326,69,71,L,0,0.6774193548387096,10.0,6.0,0.78125,12.0,3.0,-0.10383064516129037,3.0,-2.0,89.69,91.03,-1.3400000000000034,False
2023,W,3405,3397,47,94,L,0,0.875,10.5,12.0,0.6764705882352942,10.5,4.0,0.19852941176470584,8.0,0.0,79.99,93.45,-13.460000000000008,False
2023,W,3328,3417,73,82,L,0,0.8064516129032258,10.0,5.0,0.7352941176470589,8.0,4.0,0.07115749525616688,1.0,2.0,87.9,88.67,-0.769999999999996,False
2023,W,3195,3437,57,76,L,0,0.9090909090909091,19.0,12.0,0.8235294117647058,13.0,4.0,0.08556149732620322,8.0,6.0,82.94,88.55,-5.609999999999999,False
2023,W,3160,3234,77,87,L,0,0.7419354838709677,8.0,6.0,0.8125,13.5,2.0,-0.07056451612903225,4.0,-5.5,87.25,97.19,-9.939999999999998,False
2023,W,3279,3257,62,72,L,0,0.7419354838709677,14.0,8.0,0.6764705882352942,8.0,5.0,0.06546489563567359,3.0,6.0,87.34,91.45,-4.109999999999999,False
2023,W,3428,3261,63,66,L,0,0.8620689655172413,10.0,2.0,0.9333333333333333,22.0,3.0,-0.07126436781609202,-1.0,-12.0,92.15,96.14,-3.989999999999995,True
2023,W,3437,3274,65,70,L,0,0.8235294117647058,13.0,4.0,0.6129032258064516,5.0,9.0,0.21062618595825422,-5.0,8.0,88.55,83.49,5.060000000000002,True
2023,W,3323,3268,59,76,L,0,0.8333333333333334,13.5,3.0,0.8064516129032258,11.0,2.0,0.026881720430107614,1.0,2.5,93.82,93.6,0.21999999999999886,False
2023,W,3163,3326,61,73,L,0,0.8529411764705882,12.0,2.0,0.78125,12.0,3.0,0.0716911764705882,-1.0,0.0,98.59,91.03,7.560000000000002,True
2023,W,3417,3376,43,59,L,0,0.7352941176470589,8.0,4.0,1.0,28.0,1.0,-0.2647058823529411,3.0,-20.0,88.67,110.03,-21.36,False
2023,W,3397,3439,64,73,L,0,0.6764705882352942,10.5,4.0,0.8709677419354839,13.0,1.0,-0.19449715370018972,3.0,-2.5,93.45,95.72,-2.269999999999996,False
2023,W,3257,3234,83,97,L,0,0.6764705882352942,8.0,5.0,0.8125,13.5,2.0,-0.13602941176470584,3.0,-5.5,91.45,97.19,-5.739999999999995,False
2023,W,3274,3261,42,54,L,0,0.6129032258064516,5.0,9.0,0.9333333333333333,22.0,3.0,-0.3204301075268817,6.0,-17.0,83.49,96.14,-12.650000000000006,False
2023,W,3268,3376,75,86,L,0,0.8064516129032258,11.0,2.0,1.0,28.0,1.0,-0.19354838709677424,1.0,-17.0,93.6,110.03,-16.430000000000007,False
2023,W,3326,3439,74,84,L,0,0.78125,12.0,3.0,0.8709677419354839,13.0,1.0,-0.08971774193548387,2.0,-1.0,91.03,95.72,-4.689999999999998,False
2023,W,3376,3234,73,77,L,0,1.0,28.0,1.0,0.8125,13.5,2.0,0.1875,-1.0,14.5,110.03,97.19,12.840000000000003,True
2023,W,3439,3261,72,79,L,0,0.8709677419354839,13.0,1.0,0.9333333333333333,22.0,3.0,-0.062365591397849474,-2.0,-9.0,95.72,96.14,-0.4200000000000017,True
2023,W,3234,3261,85,102,L,0,0.8125,13.5,2.0,0.9333333333333333,22.0,3.0,-0.12083333333333335,-1.0,-8.5,97.19,96.14,1.0499999999999972,True
